date,won_per_dollar
2000/01/04,1134.50
2000/01/05,1125.80
2000/01/06,1130.10
2000/01/07,1139.10
2000/01/08,1145.90
2000/01/10,1145.90
2000/01/11,1135.30
2000/01/12,1137.30
2000/01/13,1147.00
2000/01/14,1138.50
2000/01/15,1127.10
2000/01/17,1127.10
2000/01/18,1122.10
2000/01/19,1124.40
2000/01/20,1128.90
2000/01/21,1132.20
2000/01/22,1127.60
2000/01/24,1127.60
2000/01/25,1126.20
2000/01/26,1125.90
2000/01/27,1126.80
2000/01/28,1126.10
2000/01/29,1122.10
2000/01/31,1122.10
2000/02/01,1125.40
2000/02/02,1125.00
2000/02/03,1131.00
2000/02/07,1129.00
2000/02/08,1129.00
2000/02/09,1130.10
2000/02/10,1125.50
2000/02/11,1121.10
2000/02/12,1116.80
2000/02/14,1116.80
2000/02/15,1119.70
2000/02/16,1127.40
2000/02/17,1125.30
2000/02/18,1127.80
2000/02/19,1130.20
2000/02/21,1130.20
2000/02/22,1131.00
2000/02/23,1134.40
2000/02/24,1133.70
2000/02/25,1139.10
2000/02/26,1141.00
2000/02/28,1141.00
2000/02/29,1131.80
2000/03/02,1132.40
2000/03/03,1122.70
2000/03/04,1120.90
2000/03/06,1120.90
2000/03/07,1120.10
2000/03/08,1117.40
2000/03/09,1120.10
2000/03/10,1120.30
2000/03/11,1119.60
2000/03/13,1119.60
2000/03/14,1120.80
2000/03/15,1120.10
2000/03/16,1118.00
2000/03/17,1117.60
2000/03/18,1117.80
2000/03/20,1117.80
2000/03/21,1118.00
2000/03/22,1117.80
2000/03/23,1114.60
2000/03/24,1112.00
2000/03/25,1108.70
2000/03/27,1108.70
2000/03/28,1110.20
2000/03/29,1111.20
2000/03/30,1111.40
2000/03/31,1108.30
2000/04/01,1106.40
2000/04/03,1106.40
2000/04/04,1111.20
2000/04/06,1113.20
2000/04/07,1113.10
2000/04/08,1109.60
2000/04/10,1109.60
2000/04/11,1107.80
2000/04/12,1109.40
2000/04/14,1109.40
2000/04/15,1109.90
2000/04/17,1109.90
2000/04/18,1114.80
2000/04/19,1110.50
2000/04/20,1109.10
2000/04/21,1109.70
2000/04/22,1109.10
2000/04/24,1109.10
2000/04/25,1108.40
2000/04/26,1108.70
2000/04/27,1108.50
2000/04/28,1110.40
2000/04/29,1110.30
2000/05/02,1110.30
2000/05/03,1110.30
2000/05/04,1109.60
2000/05/06,1111.00
2000/05/08,1111.00
2000/05/09,1109.80
2000/05/10,1109.60
2000/05/12,1109.40
2000/05/13,1111.90
2000/05/15,1111.90
2000/05/16,1114.10
2000/05/17,1115.40
2000/05/18,1115.00
2000/05/19,1116.90
2000/05/20,1123.00
2000/05/22,1123.00
2000/05/23,1125.70
2000/05/24,1132.80
2000/05/25,1137.20
2000/05/26,1129.60
2000/05/27,1135.20
2000/05/29,1135.20
2000/05/30,1138.50
2000/05/31,1133.80
2000/06/01,1130.00
2000/06/02,1131.90
2000/06/03,1125.80
2000/06/05,1125.80
2000/06/07,1119.50
2000/06/08,1114.40
2000/06/09,1114.50
2000/06/10,1115.60
2000/06/12,1115.60
2000/06/13,1113.40
2000/06/14,1114.50
2000/06/15,1115.20
2000/06/16,1114.60
2000/06/17,1116.50
2000/06/19,1116.50
2000/06/20,1119.00
2000/06/21,1119.80
2000/06/22,1119.10
2000/06/23,1118.80
2000/06/24,1119.70
2000/06/26,1119.70
2000/06/27,1118.70
2000/06/28,1117.90
2000/06/29,1117.00
2000/06/30,1114.80
2000/07/01,1115.40
2000/07/03,1115.40
2000/07/04,1113.20
2000/07/05,1114.60
2000/07/06,1116.40
2000/07/07,1118.90
2000/07/08,1117.00
2000/07/10,1117.00
2000/07/11,1118.70
2000/07/12,1116.30
2000/07/13,1115.40
2000/07/14,1114.00
2000/07/15,1112.40
2000/07/18,1112.40
2000/07/19,1113.50
2000/07/20,1113.30
2000/07/21,1112.10
2000/07/22,1112.30
2000/07/24,1112.30
2000/07/25,1113.40
2000/07/26,1114.90
2000/07/27,1115.80
2000/07/28,1114.50
2000/07/29,1116.20
2000/07/31,1116.20
2000/08/01,1117.10
2000/08/02,1116.20
2000/08/03,1115.70
2000/08/04,1114.80
2000/08/05,1115.30
2000/08/07,1115.30
2000/08/08,1116.20
2000/08/09,1116.90
2000/08/10,1114.70
2000/08/11,1114.10
2000/08/12,1114.80
2000/08/14,1114.80
2000/08/16,1114.90
2000/08/17,1115.00
2000/08/18,1114.60
2000/08/19,1114.70
2000/08/21,1114.70
2000/08/22,1114.60
2000/08/23,1114.30
2000/08/24,1114.60
2000/08/25,1114.20
2000/08/26,1114.20
2000/08/28,1114.20
2000/08/29,1113.00
2000/08/30,1111.20
2000/08/31,1108.80
2000/09/01,1109.40
2000/09/02,1106.80
2000/09/04,1106.80
2000/09/05,1105.00
2000/09/06,1104.90
2000/09/07,1106.10
2000/09/08,1109.00
2000/09/09,1108.90
2000/09/14,1108.90
2000/09/15,1113.50
2000/09/16,1117.90
2000/09/18,1117.90
2000/09/19,1130.60
2000/09/20,1127.70
2000/09/21,1121.00
2000/09/22,1129.00
2000/09/23,1132.70
2000/09/25,1132.70
2000/09/26,1124.70
2000/09/27,1121.70
2000/09/28,1114.60
2000/09/29,1114.70
2000/09/30,1115.00
2000/10/02,1115.00
2000/10/04,1116.20
2000/10/05,1121.50
2000/10/06,1118.10
2000/10/07,1116.50
2000/10/09,1116.50
2000/10/10,1116.60
2000/10/11,1118.00
2000/10/12,1123.30
2000/10/13,1122.30
2000/10/14,1128.70
2000/10/16,1128.70
2000/10/17,1125.90
2000/10/18,1130.20
2000/10/19,1138.60
2000/10/20,1140.30
2000/10/21,1128.60
2000/10/23,1128.60
2000/10/24,1133.60
2000/10/25,1135.30
2000/10/26,1136.50
2000/10/27,1139.70
2000/10/28,1133.70
2000/10/30,1133.70
2000/10/31,1136.70
2000/11/01,1140.60
2000/11/02,1135.50
2000/11/03,1134.70
2000/11/04,1132.60
2000/11/06,1132.60
2000/11/07,1131.90
2000/11/08,1134.40
2000/11/09,1137.30
2000/11/10,1134.40
2000/11/11,1133.10
2000/11/13,1133.10
2000/11/14,1137.90
2000/11/15,1136.40
2000/11/16,1134.70
2000/11/17,1137.80
2000/11/18,1140.40
2000/11/20,1140.40
2000/11/21,1147.30
2000/11/22,1165.90
2000/11/23,1167.10
2000/11/24,1184.30
2000/11/25,1195.20
2000/11/27,1195.20
2000/11/28,1186.80
2000/11/29,1185.00
2000/11/30,1195.30
2000/12/01,1212.10
2000/12/04,1210.90
2000/12/05,1213.80
2000/12/06,1211.50
2000/12/07,1193.80
2000/12/08,1204.70
2000/12/11,1189.70
2000/12/12,1185.50
2000/12/13,1187.00
2000/12/14,1196.70
2000/12/15,1200.70
2000/12/18,1204.90
2000/12/19,1205.90
2000/12/20,1206.00
2000/12/21,1214.70
2000/12/22,1224.70
2000/12/26,1232.10
2000/12/27,1249.10
2000/12/28,1266.90
2000/12/29,1252.00
2001/01/02,1259.70
2001/01/03,1267.80
2001/01/04,1285.40
2001/01/05,1249.30
2001/01/08,1267.80
2001/01/09,1264.60
2001/01/10,1257.90
2001/01/11,1261.60
2001/01/12,1276.60
2001/01/15,1281.20
2001/01/16,1285.90
2001/01/17,1284.40
2001/01/18,1277.20
2001/01/19,1286.50
2001/01/22,1276.70
2001/01/26,1270.90
2001/01/29,1275.30
2001/01/30,1279.50
2001/01/31,1265.50
2001/02/01,1261.30
2001/02/02,1259.70
2001/02/05,1251.90
2001/02/06,1258.60
2001/02/07,1257.00
2001/02/08,1263.40
2001/02/09,1268.80
2001/02/12,1261.30
2001/02/13,1265.20
2001/02/14,1256.40
2001/02/15,1252.10
2001/02/16,1246.90
2001/02/19,1242.40
2001/02/20,1248.00
2001/02/21,1243.30
2001/02/22,1235.70
2001/02/23,1244.30
2001/02/26,1246.60
2001/02/27,1247.80
2001/02/28,1245.70
2001/03/02,1249.80
2001/03/05,1261.40
2001/03/06,1274.30
2001/03/07,1266.30
2001/03/08,1269.70
2001/03/09,1274.70
2001/03/12,1267.10
2001/03/13,1278.70
2001/03/14,1279.30
2001/03/15,1275.20
2001/03/16,1286.20
2001/03/19,1291.60
2001/03/20,1298.40
2001/03/21,1294.90
2001/03/22,1302.90
2001/03/23,1313.80
2001/03/26,1314.70
2001/03/27,1312.50
2001/03/28,1307.50
2001/03/29,1303.30
2001/03/30,1314.00
2001/04/02,1328.00
2001/04/03,1342.30
2001/04/04,1345.40
2001/04/06,1351.50
2001/04/09,1346.80
2001/04/10,1340.60
2001/04/11,1337.50
2001/04/12,1322.50
2001/04/13,1325.10
2001/04/16,1322.80
2001/04/17,1331.70
2001/04/18,1324.20
2001/04/19,1313.70
2001/04/20,1298.60
2001/04/23,1309.20
2001/04/24,1314.50
2001/04/25,1310.30
2001/04/26,1310.60
2001/04/27,1309.80
2001/04/30,1324.70
2001/05/02,1321.10
2001/05/03,1304.50
2001/05/04,1295.30
2001/05/07,1293.10
2001/05/08,1302.20
2001/05/09,1298.10
2001/05/10,1303.60
2001/05/11,1306.20
2001/05/14,1301.70
2001/05/15,1297.40
2001/05/16,1304.00
2001/05/17,1307.20
2001/05/18,1302.50
2001/05/21,1299.20
2001/05/22,1302.90
2001/05/23,1294.80
2001/05/24,1286.60
2001/05/25,1280.80
2001/05/28,1288.50
2001/05/29,1295.30
2001/05/31,1292.90
2001/06/01,1286.00
2001/06/04,1282.20
2001/06/05,1285.30
2001/06/07,1285.90
2001/06/08,1287.80
2001/06/11,1285.80
2001/06/12,1289.60
2001/06/13,1290.30
2001/06/14,1292.10
2001/06/15,1291.70
2001/06/18,1292.00
2001/06/19,1299.80
2001/06/20,1304.30
2001/06/21,1298.00
2001/06/22,1301.90
2001/06/25,1304.20
2001/06/26,1302.90
2001/06/27,1298.90
2001/06/28,1299.80
2001/06/29,1302.30
2001/07/02,1300.70
2001/07/03,1300.30
2001/07/04,1295.30
2001/07/05,1295.50
2001/07/06,1295.00
2001/07/09,1295.50
2001/07/10,1296.60
2001/07/11,1297.70
2001/07/12,1307.40
2001/07/13,1307.20
2001/07/16,1304.00
2001/07/18,1311.60
2001/07/19,1310.10
2001/07/20,1305.90
2001/07/23,1303.70
2001/07/24,1308.60
2001/07/25,1312.10
2001/07/26,1308.70
2001/07/27,1302.20
2001/07/30,1301.10
2001/07/31,1301.40
2001/08/01,1302.50
2001/08/02,1297.70
2001/08/03,1291.30
2001/08/06,1283.80
2001/08/07,1287.50
2001/08/08,1288.60
2001/08/09,1285.70
2001/08/10,1289.30
2001/08/13,1281.20
2001/08/14,1284.80
2001/08/16,1288.00
2001/08/17,1278.50
2001/08/20,1283.40
2001/08/21,1286.90
2001/08/22,1286.10
2001/08/23,1282.40
2001/08/24,1284.30
2001/08/27,1282.00
2001/08/28,1280.70
2001/08/29,1279.40
2001/08/30,1281.80
2001/08/31,1283.80
2001/09/03,1282.10
2001/09/04,1280.10
2001/09/05,1280.20
2001/09/06,1282.80
2001/09/07,1286.60
2001/09/10,1287.60
2001/09/11,1288.70
2001/09/12,1295.20
2001/09/13,1285.20
2001/09/14,1289.40
2001/09/17,1296.70
2001/09/18,1297.50
2001/09/19,1297.80
2001/09/20,1296.00
2001/09/21,1298.70
2001/09/24,1298.00
2001/09/25,1307.20
2001/09/26,1306.50
2001/09/27,1306.70
2001/09/28,1305.90
2001/10/04,1309.10
2001/10/05,1313.90
2001/10/08,1312.90
2001/10/09,1311.80
2001/10/10,1308.70
2001/10/11,1307.40
2001/10/12,1302.80
2001/10/15,1299.90
2001/10/16,1296.40
2001/10/17,1296.80
2001/10/18,1302.60
2001/10/19,1299.00
2001/10/22,1301.20
2001/10/23,1303.00
2001/10/24,1304.30
2001/10/25,1300.40
2001/10/26,1296.20
2001/10/29,1296.00
2001/10/30,1294.00
2001/10/31,1296.10
2001/11/01,1297.00
2001/11/02,1296.80
2001/11/05,1296.60
2001/11/06,1296.20
2001/11/07,1295.90
2001/11/08,1292.80
2001/11/09,1289.30
2001/11/12,1282.50
2001/11/13,1284.30
2001/11/14,1285.30
2001/11/15,1284.80
2001/11/16,1283.10
2001/11/19,1283.40
2001/11/20,1283.90
2001/11/21,1283.10
2001/11/22,1281.50
2001/11/23,1278.70
2001/11/26,1275.60
2001/11/27,1266.30
2001/11/28,1265.20
2001/11/29,1269.70
2001/11/30,1274.00
2001/12/03,1269.70
2001/12/04,1272.40
2001/12/05,1271.90
2001/12/06,1271.00
2001/12/07,1268.40
2001/12/10,1273.30
2001/12/11,1280.40
2001/12/12,1280.10
2001/12/13,1274.40
2001/12/14,1274.00
2001/12/17,1281.10
2001/12/18,1292.50
2001/12/19,1292.70
2001/12/20,1291.40
2001/12/21,1299.20
2001/12/24,1311.00
2001/12/26,1308.00
2001/12/27,1317.60
2001/12/28,1325.10
2001/12/31,1326.10
2002/01/02,1314.60
2002/01/03,1320.40
2002/01/04,1317.20
2002/01/07,1307.70
2002/01/08,1302.90
2002/01/09,1309.50
2002/01/10,1314.30
2002/01/11,1314.20
2002/01/14,1311.40
2002/01/15,1311.60
2002/01/16,1316.60
2002/01/17,1317.80
2002/01/18,1319.90
2002/01/21,1320.00
2002/01/22,1320.80
2002/01/23,1326.60
2002/01/24,1332.30
2002/01/25,1331.90
2002/01/28,1328.60
2002/01/29,1322.30
2002/01/30,1314.60
2002/01/31,1314.80
2002/02/01,1308.50
2002/02/04,1319.60
2002/02/05,1313.40
2002/02/06,1314.70
2002/02/07,1317.80
2002/02/08,1318.70
2002/02/14,1318.80
2002/02/15,1316.00
2002/02/18,1315.50
2002/02/19,1316.00
2002/02/20,1319.80
2002/02/21,1321.20
2002/02/22,1321.10
2002/02/25,1321.80
2002/02/26,1322.90
2002/02/27,1323.90
2002/02/28,1327.70
2002/03/04,1326.00
2002/03/05,1319.50
2002/03/06,1315.60
2002/03/07,1315.10
2002/03/08,1311.10
2002/03/11,1310.60
2002/03/12,1316.60
2002/03/13,1319.40
2002/03/14,1320.30
2002/03/15,1322.70
2002/03/18,1322.40
2002/03/19,1324.10
2002/03/20,1327.30
2002/03/21,1326.70
2002/03/22,1326.70
2002/03/25,1328.40
2002/03/26,1330.20
2002/03/27,1331.60
2002/03/28,1327.60
2002/03/29,1327.00
2002/04/01,1326.40
2002/04/02,1325.30
2002/04/03,1328.80
2002/04/04,1328.40
2002/04/08,1329.90
2002/04/09,1328.70
2002/04/10,1329.10
2002/04/11,1328.90
2002/04/12,1330.10
2002/04/15,1331.90
2002/04/16,1329.70
2002/04/17,1326.60
2002/04/18,1320.70
2002/04/19,1314.50
2002/04/22,1310.80
2002/04/23,1308.90
2002/04/24,1306.20
2002/04/25,1308.30
2002/04/26,1299.50
2002/04/29,1297.90
2002/04/30,1292.20
2002/05/02,1293.70
2002/05/03,1287.90
2002/05/06,1288.20
2002/05/07,1280.10
2002/05/08,1279.30
2002/05/09,1283.60
2002/05/10,1284.80
2002/05/13,1280.10
2002/05/14,1274.70
2002/05/15,1278.40
2002/05/16,1278.90
2002/05/17,1272.30
2002/05/20,1265.90
2002/05/21,1253.30
2002/05/22,1256.40
2002/05/23,1245.30
2002/05/24,1247.70
2002/05/27,1247.70
2002/05/28,1237.50
2002/05/29,1230.60
2002/05/30,1235.90
2002/05/31,1233.30
2002/06/03,1226.20
2002/06/04,1228.60
2002/06/05,1222.10
2002/06/07,1221.60
2002/06/10,1228.40
2002/06/11,1229.50
2002/06/12,1227.50
2002/06/14,1230.80
2002/06/17,1231.70
2002/06/18,1236.30
2002/06/19,1233.10
2002/06/20,1230.70
2002/06/21,1226.50
2002/06/24,1220.20
2002/06/25,1212.30
2002/06/26,1213.00
2002/06/27,1208.20
2002/06/28,1204.80
2002/07/02,1201.80
2002/07/03,1203.30
2002/07/04,1205.60
2002/07/05,1201.10
2002/07/08,1201.70
2002/07/09,1195.80
2002/07/10,1186.30
2002/07/11,1180.90
2002/07/12,1178.00
2002/07/15,1183.30
2002/07/16,1177.80
2002/07/18,1173.20
2002/07/19,1173.30
2002/07/22,1171.30
2002/07/23,1166.00
2002/07/24,1171.10
2002/07/25,1172.80
2002/07/26,1168.70
2002/07/29,1180.00
2002/07/30,1202.80
2002/07/31,1197.00
2002/08/01,1190.50
2002/08/02,1182.00
2002/08/05,1181.20
2002/08/06,1188.30
2002/08/07,1208.30
2002/08/08,1207.20
2002/08/09,1203.50
2002/08/12,1207.10
2002/08/13,1199.50
2002/08/14,1196.60
2002/08/16,1189.90
2002/08/19,1189.10
2002/08/20,1192.00
2002/08/21,1196.60
2002/08/22,1192.20
2002/08/23,1193.60
2002/08/26,1202.50
2002/08/27,1201.10
2002/08/28,1201.30
2002/08/29,1197.70
2002/08/30,1204.90
2002/09/02,1200.50
2002/09/03,1204.60
2002/09/04,1199.90
2002/09/05,1195.10
2002/09/06,1193.90
2002/09/09,1194.60
2002/09/10,1196.00
2002/09/11,1198.70
2002/09/12,1202.80
2002/09/13,1202.90
2002/09/16,1201.40
2002/09/17,1217.30
2002/09/18,1219.00
2002/09/19,1212.80
2002/09/23,1210.70
2002/09/24,1221.30
2002/09/25,1225.80
2002/09/26,1224.00
2002/09/27,1227.30
2002/09/30,1225.50
2002/10/01,1229.40
2002/10/02,1228.60
2002/10/04,1230.50
2002/10/07,1231.20
2002/10/08,1237.40
2002/10/09,1243.40
2002/10/10,1245.10
2002/10/11,1253.30
2002/10/14,1261.10
2002/10/15,1259.90
2002/10/16,1262.80
2002/10/17,1258.00
2002/10/18,1246.00
2002/10/21,1242.20
2002/10/22,1244.10
2002/10/23,1242.30
2002/10/24,1237.40
2002/10/25,1228.00
2002/10/28,1230.60
2002/10/29,1232.40
2002/10/30,1227.10
2002/10/31,1233.40
2002/11/01,1224.90
2002/11/04,1224.00
2002/11/05,1219.70
2002/11/06,1215.80
2002/11/07,1220.00
2002/11/08,1216.90
2002/11/11,1210.40
2002/11/12,1199.90
2002/11/13,1203.50
2002/11/14,1203.10
2002/11/15,1208.00
2002/11/18,1208.80
2002/11/19,1206.30
2002/11/20,1208.70
2002/11/21,1216.30
2002/11/22,1214.30
2002/11/25,1213.50
2002/11/26,1213.40
2002/11/27,1205.40
2002/11/28,1204.40
2002/11/29,1207.70
2002/12/02,1208.00
2002/12/03,1211.30
2002/12/04,1217.10
2002/12/05,1216.30
2002/12/06,1222.80
2002/12/09,1228.00
2002/12/10,1212.00
2002/12/11,1216.10
2002/12/12,1215.80
2002/12/13,1212.10
2002/12/16,1209.00
2002/12/17,1202.20
2002/12/18,1200.70
2002/12/20,1200.10
2002/12/23,1203.20
2002/12/24,1202.70
2002/12/26,1201.10
2002/12/27,1200.30
2002/12/30,1197.20
2002/12/31,1200.40
2003/01/02,1187.80
2003/01/03,1190.50
2003/01/06,1196.10
2003/01/07,1191.60
2003/01/08,1187.20
2003/01/09,1188.60
2003/01/10,1179.50
2003/01/13,1180.30
2003/01/14,1177.00
2003/01/15,1176.50
2003/01/16,1173.70
2003/01/17,1173.40
2003/01/20,1173.60
2003/01/21,1174.20
2003/01/22,1177.20
2003/01/23,1175.60
2003/01/24,1178.20
2003/01/27,1171.90
2003/01/28,1170.40
2003/01/29,1170.90
2003/01/30,1170.50
2003/02/03,1170.90
2003/02/04,1177.60
2003/02/05,1179.80
2003/02/06,1174.10
2003/02/07,1177.10
2003/02/10,1179.90
2003/02/11,1192.80
2003/02/12,1207.80
2003/02/13,1202.90
2003/02/14,1202.70
2003/02/17,1201.40
2003/02/18,1207.20
2003/02/19,1202.40
2003/02/20,1198.40
2003/02/21,1196.40
2003/02/24,1194.10
2003/02/25,1192.60
2003/02/26,1191.10
2003/02/27,1187.70
2003/02/28,1186.80
2003/03/03,1190.30
2003/03/04,1194.30
2003/03/05,1193.20
2003/03/06,1194.90
2003/03/07,1208.10
2003/03/10,1218.00
2003/03/11,1229.10
2003/03/12,1236.70
2003/03/13,1237.30
2003/03/14,1247.90
2003/03/17,1241.00
2003/03/18,1241.60
2003/03/19,1249.60
2003/03/20,1255.60
2003/03/21,1253.80
2003/03/24,1249.60
2003/03/25,1251.10
2003/03/26,1246.10
2003/03/27,1244.80
2003/03/28,1244.60
2003/03/31,1252.90
2003/04/01,1258.00
2003/04/02,1254.30
2003/04/03,1253.90
2003/04/04,1254.90
2003/04/07,1258.00
2003/04/08,1257.00
2003/04/09,1255.00
2003/04/10,1253.40
2003/04/11,1239.80
2003/04/14,1226.30
2003/04/15,1224.10
2003/04/16,1217.30
2003/04/17,1216.50
2003/04/18,1209.50
2003/04/21,1205.00
2003/04/22,1204.70
2003/04/23,1217.00
2003/04/24,1219.50
2003/04/25,1221.00
2003/04/28,1234.40
2003/04/29,1229.40
2003/04/30,1213.10
2003/05/02,1213.90
2003/05/06,1211.10
2003/05/07,1205.90
2003/05/09,1196.90
2003/05/12,1199.90
2003/05/13,1196.00
2003/05/14,1199.80
2003/05/15,1201.50
2003/05/16,1195.20
2003/05/19,1197.80
2003/05/20,1193.60
2003/05/21,1199.10
2003/05/22,1193.90
2003/05/23,1197.40
2003/05/26,1193.40
2003/05/27,1194.00
2003/05/28,1199.40
2003/05/29,1200.40
2003/05/30,1206.60
2003/06/02,1205.30
2003/06/03,1207.50
2003/06/04,1202.30
2003/06/05,1201.50
2003/06/09,1200.80
2003/06/10,1200.30
2003/06/11,1193.70
2003/06/12,1193.10
2003/06/13,1194.30
2003/06/16,1192.70
2003/06/17,1191.00
2003/06/18,1188.40
2003/06/19,1184.50
2003/06/20,1186.00
2003/06/23,1190.60
2003/06/24,1190.90
2003/06/25,1189.20
2003/06/26,1188.50
2003/06/27,1186.70
2003/06/30,1193.10
2003/07/01,1194.90
2003/07/02,1191.00
2003/07/03,1188.10
2003/07/04,1185.10
2003/07/07,1182.30
2003/07/08,1180.00
2003/07/09,1179.20
2003/07/10,1179.60
2003/07/11,1178.50
2003/07/14,1179.20
2003/07/15,1177.00
2003/07/16,1175.70
2003/07/18,1178.80
2003/07/21,1182.50
2003/07/22,1179.40
2003/07/23,1182.00
2003/07/24,1181.40
2003/07/25,1180.30
2003/07/28,1181.20
2003/07/29,1179.30
2003/07/30,1179.50
2003/07/31,1180.00
2003/08/01,1180.60
2003/08/04,1180.40
2003/08/05,1181.40
2003/08/06,1186.10
2003/08/07,1185.90
2003/08/08,1185.50
2003/08/11,1181.90
2003/08/12,1180.20
2003/08/13,1178.30
2003/08/14,1179.30
2003/08/18,1178.30
2003/08/19,1175.90
2003/08/20,1178.60
2003/08/21,1176.40
2003/08/22,1173.90
2003/08/25,1170.60
2003/08/26,1170.50
2003/08/27,1170.80
2003/08/28,1173.90
2003/08/29,1179.90
2003/09/01,1178.50
2003/09/02,1175.90
2003/09/03,1176.70
2003/09/04,1176.10
2003/09/05,1173.40
2003/09/08,1171.80
2003/09/09,1172.80
2003/09/15,1170.10
2003/09/16,1173.10
2003/09/17,1171.40
2003/09/18,1170.60
2003/09/19,1170.30
2003/09/22,1168.80
2003/09/23,1152.00
2003/09/24,1151.10
2003/09/25,1152.50
2003/09/26,1151.10
2003/09/29,1150.80
2003/09/30,1150.20
2003/10/01,1150.30
2003/10/02,1152.30
2003/10/06,1150.50
2003/10/07,1151.90
2003/10/08,1151.40
2003/10/09,1148.90
2003/10/10,1149.50
2003/10/13,1148.40
2003/10/14,1146.60
2003/10/15,1158.50
2003/10/16,1169.50
2003/10/17,1177.60
2003/10/20,1174.50
2003/10/21,1174.40
2003/10/22,1180.00
2003/10/23,1181.90
2003/10/24,1179.40
2003/10/27,1185.80
2003/10/28,1184.20
2003/10/29,1183.40
2003/10/30,1181.60
2003/10/31,1177.30
2003/11/03,1182.40
2003/11/04,1185.30
2003/11/05,1185.80
2003/11/06,1183.10
2003/11/07,1181.70
2003/11/10,1180.20
2003/11/11,1174.80
2003/11/12,1175.10
2003/11/13,1174.40
2003/11/14,1173.20
2003/11/17,1171.20
2003/11/18,1178.30
2003/11/19,1180.50
2003/11/20,1177.40
2003/11/21,1186.80
2003/11/24,1195.50
2003/11/25,1202.30
2003/11/26,1203.40
2003/11/27,1203.40
2003/11/28,1202.60
2003/12/01,1203.60
2003/12/02,1203.40
2003/12/03,1196.90
2003/12/04,1194.10
2003/12/05,1192.20
2003/12/08,1193.40
2003/12/09,1187.60
2003/12/10,1188.10
2003/12/11,1184.90
2003/12/12,1188.90
2003/12/15,1185.20
2003/12/16,1184.50
2003/12/17,1187.60
2003/12/18,1188.70
2003/12/19,1189.50
2003/12/22,1190.70
2003/12/23,1193.10
2003/12/24,1195.80
2003/12/26,1199.00
2003/12/29,1199.70
2003/12/30,1200.30
2003/12/31,1197.80
2004/01/02,1194.30
2004/01/05,1195.50
2004/01/06,1193.60
2004/01/07,1187.90
2004/01/08,1187.40
2004/01/09,1183.30
2004/01/12,1182.90
2004/01/13,1178.50
2004/01/14,1179.90
2004/01/15,1180.20
2004/01/16,1187.40
2004/01/19,1187.10
2004/01/20,1185.70
2004/01/26,1188.60
2004/01/27,1181.60
2004/01/28,1177.20
2004/01/29,1173.00
2004/01/30,1173.60
2004/02/02,1174.90
2004/02/03,1170.70
2004/02/04,1166.20
2004/02/05,1168.30
2004/02/06,1167.20
2004/02/09,1169.20
2004/02/10,1167.40
2004/02/11,1162.90
2004/02/12,1161.00
2004/02/13,1160.70
2004/02/16,1160.80
2004/02/17,1158.50
2004/02/18,1158.20
2004/02/19,1154.60
2004/02/20,1161.70
2004/02/23,1166.90
2004/02/24,1182.10
2004/02/25,1176.80
2004/02/26,1171.10
2004/02/27,1174.50
2004/03/02,1176.50
2004/03/03,1173.40
2004/03/04,1178.70
2004/03/05,1171.90
2004/03/08,1174.30
2004/03/09,1173.40
2004/03/10,1170.60
2004/03/11,1172.10
2004/03/12,1168.60
2004/03/15,1175.20
2004/03/16,1177.00
2004/03/17,1171.20
2004/03/18,1166.20
2004/03/19,1159.60
2004/03/22,1158.60
2004/03/23,1159.50
2004/03/24,1157.30
2004/03/25,1154.50
2004/03/26,1155.10
2004/03/29,1157.10
2004/03/30,1155.10
2004/03/31,1153.60
2004/04/01,1150.00
2004/04/02,1142.60
2004/04/06,1141.20
2004/04/07,1148.40
2004/04/08,1144.20
2004/04/09,1140.60
2004/04/12,1142.40
2004/04/13,1142.20
2004/04/14,1140.60
2004/04/16,1148.80
2004/04/19,1160.30
2004/04/20,1155.80
2004/04/21,1154.50
2004/04/22,1156.00
2004/04/23,1159.40
2004/04/26,1158.70
2004/04/27,1154.90
2004/04/28,1152.80
2004/04/29,1155.80
2004/04/30,1167.70
2004/05/03,1175.20
2004/05/04,1172.80
2004/05/06,1168.70
2004/05/07,1166.20
2004/05/10,1170.50
2004/05/11,1183.10
2004/05/12,1188.40
2004/05/13,1182.10
2004/05/14,1184.10
2004/05/17,1187.90
2004/05/18,1184.20
2004/05/19,1184.20
2004/05/20,1177.80
2004/05/21,1176.50
2004/05/24,1177.10
2004/05/25,1176.30
2004/05/27,1178.00
2004/05/28,1171.30
2004/05/31,1165.70
2004/06/01,1163.20
2004/06/02,1161.60
2004/06/03,1165.20
2004/06/04,1162.60
2004/06/07,1164.10
2004/06/08,1159.00
2004/06/09,1158.00
2004/06/10,1154.70
2004/06/11,1159.40
2004/06/14,1158.40
2004/06/15,1163.10
2004/06/16,1163.50
2004/06/17,1157.00
2004/06/18,1157.70
2004/06/21,1158.30
2004/06/22,1156.40
2004/06/23,1157.20
2004/06/24,1160.20
2004/06/25,1156.50
2004/06/28,1151.00
2004/06/29,1150.70
2004/06/30,1152.50
2004/07/01,1152.50
2004/07/02,1153.50
2004/07/05,1155.80
2004/07/06,1152.80
2004/07/07,1154.80
2004/07/08,1153.80
2004/07/09,1150.20
2004/07/12,1150.70
2004/07/13,1147.40
2004/07/14,1149.70
2004/07/15,1150.90
2004/07/16,1158.70
2004/07/19,1166.80
2004/07/20,1158.20
2004/07/21,1162.10
2004/07/22,1159.00
2004/07/23,1164.20
2004/07/26,1164.60
2004/07/27,1162.50
2004/07/28,1163.90
2004/07/29,1168.20
2004/07/30,1168.30
2004/08/02,1171.30
2004/08/03,1166.40
2004/08/04,1163.40
2004/08/05,1165.20
2004/08/06,1164.30
2004/08/09,1165.90
2004/08/10,1157.00
2004/08/11,1155.70
2004/08/12,1158.20
2004/08/13,1158.80
2004/08/16,1162.20
2004/08/17,1157.60
2004/08/18,1157.80
2004/08/19,1157.70
2004/08/20,1155.90
2004/08/23,1154.60
2004/08/24,1152.80
2004/08/25,1154.70
2004/08/26,1156.50
2004/08/27,1155.80
2004/08/30,1152.30
2004/08/31,1153.80
2004/09/01,1153.70
2004/09/02,1151.20
2004/09/03,1151.50
2004/09/06,1148.80
2004/09/07,1152.80
2004/09/08,1152.10
2004/09/09,1149.30
2004/09/10,1146.70
2004/09/13,1145.90
2004/09/14,1145.00
2004/09/15,1145.40
2004/09/16,1144.40
2004/09/17,1146.30
2004/09/20,1145.40
2004/09/21,1147.10
2004/09/22,1145.90
2004/09/23,1144.80
2004/09/24,1147.30
2004/09/30,1147.90
2004/10/01,1152.70
2004/10/04,1148.00
2004/10/05,1149.80
2004/10/06,1148.20
2004/10/07,1150.50
2004/10/08,1151.80
2004/10/11,1149.90
2004/10/12,1146.00
2004/10/13,1147.60
2004/10/14,1146.20
2004/10/15,1147.50
2004/10/18,1145.40
2004/10/19,1143.90
2004/10/20,1144.70
2004/10/21,1142.70
2004/10/22,1141.90
2004/10/25,1141.10
2004/10/26,1136.00
2004/10/27,1134.30
2004/10/28,1130.70
2004/10/29,1126.00
2004/11/01,1122.30
2004/11/02,1117.40
2004/11/03,1117.60
2004/11/04,1116.70
2004/11/05,1114.60
2004/11/08,1110.90
2004/11/09,1105.90
2004/11/10,1104.40
2004/11/11,1109.00
2004/11/12,1112.40
2004/11/15,1108.00
2004/11/16,1096.90
2004/11/17,1093.10
2004/11/18,1088.20
2004/11/19,1069.50
2004/11/22,1068.60
2004/11/23,1063.70
2004/11/24,1064.50
2004/11/25,1065.40
2004/11/26,1060.30
2004/11/29,1048.90
2004/11/30,1047.90
2004/12/01,1048.10
2004/12/02,1047.10
2004/12/03,1042.10
2004/12/06,1044.90
2004/12/07,1038.30
2004/12/08,1042.10
2004/12/09,1052.20
2004/12/10,1056.80
2004/12/13,1062.80
2004/12/14,1061.10
2004/12/15,1056.10
2004/12/16,1060.70
2004/12/17,1055.60
2004/12/20,1058.80
2004/12/21,1058.10
2004/12/22,1055.40
2004/12/23,1056.50
2004/12/24,1051.00
2004/12/27,1046.20
2004/12/28,1047.70
2004/12/29,1042.40
2004/12/30,1043.20
2004/12/31,1043.80
2005/01/03,1035.60
2005/01/04,1037.10
2005/01/05,1038.80
2005/01/06,1047.30
2005/01/07,1048.00
2005/01/10,1052.90
2005/01/11,1053.20
2005/01/12,1045.20
2005/01/13,1041.20
2005/01/14,1036.50
2005/01/17,1038.30
2005/01/18,1035.80
2005/01/19,1036.90
2005/01/20,1033.40
2005/01/21,1032.10
2005/01/24,1037.50
2005/01/25,1033.80
2005/01/26,1031.40
2005/01/27,1033.40
2005/01/28,1028.10
2005/01/31,1026.40
2005/02/01,1026.40
2005/02/02,1027.50
2005/02/03,1027.10
2005/02/04,1027.90
2005/02/07,1026.70
2005/02/11,1026.50
2005/02/14,1035.20
2005/02/15,1026.70
2005/02/16,1026.70
2005/02/17,1025.90
2005/02/18,1025.80
2005/02/21,1025.20
2005/02/22,1023.90
2005/02/23,1015.30
2005/02/24,1002.20
2005/02/25,1004.20
2005/02/28,1008.10
2005/03/02,1004.80
2005/03/03,1006.80
2005/03/04,1006.70
2005/03/07,1007.80
2005/03/08,1004.70
2005/03/09,1004.30
2005/03/10,1002.10
2005/03/11,998.40
2005/03/14,1000.70
2005/03/15,999.90
2005/03/16,1003.20
2005/03/17,1003.70
2005/03/18,1002.60
2005/03/21,1002.90
2005/03/22,1007.40
2005/03/23,1012.20
2005/03/24,1011.50
2005/03/25,1012.40
2005/03/28,1013.10
2005/03/29,1016.30
2005/03/30,1019.00
2005/03/31,1024.30
2005/04/01,1017.60
2005/04/04,1013.10
2005/04/06,1011.10
2005/04/07,1014.70
2005/04/08,1014.10
2005/04/11,1014.00
2005/04/12,1014.30
2005/04/13,1012.00
2005/04/14,1012.50
2005/04/15,1013.00
2005/04/18,1022.20
2005/04/19,1021.50
2005/04/20,1014.50
2005/04/21,1009.40
2005/04/22,1006.80
2005/04/25,1005.30
2005/04/26,999.50
2005/04/27,998.20
2005/04/28,1002.40
2005/04/29,1002.50
2005/05/02,1001.80
2005/05/03,999.80
2005/05/04,1001.90
2005/05/06,999.60
2005/05/09,999.60
2005/05/10,1001.60
2005/05/11,1000.60
2005/05/12,999.40
2005/05/13,1000.20
2005/05/16,1001.20
2005/05/17,1007.10
2005/05/18,1005.50
2005/05/19,1006.50
2005/05/20,1002.70
2005/05/23,1005.20
2005/05/24,1006.90
2005/05/25,1002.10
2005/05/26,1000.30
2005/05/27,1001.30
2005/05/30,1000.70
2005/05/31,1002.50
2005/06/01,1005.50
2005/06/02,1011.20
2005/06/03,1013.70
2005/06/07,1009.70
2005/06/08,1004.50
2005/06/09,1005.70
2005/06/10,1005.20
2005/06/13,1005.70
2005/06/14,1009.40
2005/06/15,1015.40
2005/06/16,1014.60
2005/06/17,1012.10
2005/06/20,1010.90
2005/06/21,1008.10
2005/06/22,1011.40
2005/06/23,1009.30
2005/06/24,1010.10
2005/06/27,1012.40
2005/06/28,1013.10
2005/06/29,1015.90
2005/06/30,1024.40
2005/07/01,1028.80
2005/07/04,1030.30
2005/07/05,1040.00
2005/07/06,1045.00
2005/07/07,1050.40
2005/07/08,1052.50
2005/07/11,1053.80
2005/07/12,1045.60
2005/07/13,1039.90
2005/07/14,1037.70
2005/07/15,1037.50
2005/07/18,1037.70
2005/07/19,1037.80
2005/07/20,1038.20
2005/07/21,1042.40
2005/07/22,1036.60
2005/07/25,1022.80
2005/07/26,1023.70
2005/07/27,1026.10
2005/07/28,1031.20
2005/07/29,1028.30
2005/08/01,1025.70
2005/08/02,1026.70
2005/08/03,1021.50
2005/08/04,1018.10
2005/08/05,1011.90
2005/08/08,1013.90
2005/08/09,1017.80
2005/08/10,1014.60
2005/08/11,1014.90
2005/08/12,1014.40
2005/08/16,1014.20
2005/08/17,1016.40
2005/08/18,1019.20
2005/08/19,1018.60
2005/08/22,1022.70
2005/08/23,1025.40
2005/08/24,1026.10
2005/08/25,1027.70
2005/08/26,1026.60
2005/08/29,1028.40
2005/08/30,1030.00
2005/08/31,1031.00
2005/09/01,1037.60
2005/09/02,1035.70
2005/09/05,1029.40
2005/09/06,1024.40
2005/09/07,1024.30
2005/09/08,1024.40
2005/09/09,1025.70
2005/09/12,1027.30
2005/09/13,1024.40
2005/09/14,1026.70
2005/09/15,1024.60
2005/09/16,1024.90
2005/09/20,1026.30
2005/09/21,1028.80
2005/09/22,1030.40
2005/09/23,1027.20
2005/09/26,1028.90
2005/09/27,1035.20
2005/09/28,1034.30
2005/09/29,1037.50
2005/09/30,1038.00
2005/10/04,1040.70
2005/10/05,1043.40
2005/10/06,1041.00
2005/10/07,1039.70
2005/10/10,1037.30
2005/10/11,1038.40
2005/10/12,1040.50
2005/10/13,1043.60
2005/10/14,1046.40
2005/10/17,1046.70
2005/10/18,1044.60
2005/10/19,1051.00
2005/10/20,1052.60
2005/10/21,1054.60
2005/10/24,1054.90
2005/10/25,1060.30
2005/10/26,1054.50
2005/10/27,1047.00
2005/10/28,1045.10
2005/10/31,1042.70
2005/11/01,1042.80
2005/11/02,1042.80
2005/11/03,1042.50
2005/11/04,1042.30
2005/11/07,1047.80
2005/11/08,1050.10
2005/11/09,1048.00
2005/11/10,1046.40
2005/11/11,1046.60
2005/11/14,1043.30
2005/11/15,1041.10
2005/11/16,1035.50
2005/11/17,1036.00
2005/11/18,1035.00
2005/11/21,1035.60
2005/11/22,1038.50
2005/11/23,1043.50
2005/11/24,1038.00
2005/11/25,1037.40
2005/11/28,1041.10
2005/11/29,1040.80
2005/11/30,1036.30
2005/12/01,1035.50
2005/12/02,1034.10
2005/12/05,1038.20
2005/12/06,1037.90
2005/12/07,1034.70
2005/12/08,1034.80
2005/12/09,1034.30
2005/12/12,1034.10
2005/12/13,1033.90
2005/12/14,1029.50
2005/12/15,1019.80
2005/12/16,1013.90
2005/12/19,1016.30
2005/12/20,1016.20
2005/12/21,1016.90
2005/12/22,1018.60
2005/12/23,1018.10
2005/12/26,1014.80
2005/12/27,1012.20
2005/12/28,1011.90
2005/12/29,1012.70
2005/12/30,1013.00
2006/01/02,1013.00
2006/01/03,1008.90
2006/01/04,1005.60
2006/01/05,999.40
2006/01/06,994.40
2006/01/09,992.50
2006/01/10,978.40
2006/01/11,981.70
2006/01/12,984.40
2006/01/13,976.30
2006/01/16,982.70
2006/01/17,982.80
2006/01/18,988.20
2006/01/19,992.00
2006/01/20,986.10
2006/01/23,986.80
2006/01/24,980.90
2006/01/25,977.50
2006/01/26,977.20
2006/01/27,967.80
2006/01/31,971.00
2006/02/01,968.60
2006/02/02,961.10
2006/02/03,969.70
2006/02/06,970.60
2006/02/07,966.50
2006/02/08,967.80
2006/02/09,970.00
2006/02/10,971.20
2006/02/13,970.60
2006/02/14,974.50
2006/02/15,973.90
2006/02/16,973.60
2006/02/17,976.40
2006/02/20,974.10
2006/02/21,968.00
2006/02/22,968.20
2006/02/23,973.30
2006/02/24,972.60
2006/02/27,964.70
2006/02/28,969.00
2006/03/02,970.60
2006/03/03,969.80
2006/03/06,969.00
2006/03/07,973.30
2006/03/08,976.70
2006/03/09,980.20
2006/03/10,981.20
2006/03/13,982.60
2006/03/14,981.60
2006/03/15,977.50
2006/03/16,974.70
2006/03/17,974.40
2006/03/20,971.90
2006/03/21,969.10
2006/03/22,967.30
2006/03/23,971.50
2006/03/24,973.70
2006/03/27,980.80
2006/03/28,976.30
2006/03/29,975.80
2006/03/30,978.10
2006/03/31,975.90
2006/04/03,975.00
2006/04/04,970.70
2006/04/05,966.10
2006/04/06,959.50
2006/04/07,954.90
2006/04/10,952.40
2006/04/11,952.90
2006/04/12,954.10
2006/04/13,955.60
2006/04/14,960.40
2006/04/17,961.40
2006/04/18,955.30
2006/04/19,953.00
2006/04/20,947.30
2006/04/21,947.50
2006/04/24,947.20
2006/04/25,940.50
2006/04/26,941.80
2006/04/27,947.40
2006/04/28,945.70
2006/05/02,944.10
2006/05/03,941.90
2006/05/04,935.80
2006/05/08,939.10
2006/05/09,930.70
2006/05/10,933.10
2006/05/11,931.70
2006/05/12,934.50
2006/05/15,933.70
2006/05/16,940.20
2006/05/17,946.70
2006/05/18,937.60
2006/05/19,944.50
2006/05/22,944.80
2006/05/23,950.10
2006/05/24,947.20
2006/05/25,949.40
2006/05/26,949.20
2006/05/29,946.30
2006/05/30,947.40
2006/06/01,947.60
2006/06/02,947.40
2006/06/05,946.80
2006/06/07,943.80
2006/06/08,947.70
2006/06/09,951.10
2006/06/12,954.10
2006/06/13,956.60
2006/06/14,960.90
2006/06/15,962.10
2006/06/16,959.40
2006/06/19,955.20
2006/06/20,961.70
2006/06/21,960.90
2006/06/22,954.60
2006/06/23,954.30
2006/06/26,958.70
2006/06/27,958.80
2006/06/28,958.10
2006/06/29,958.30
2006/06/30,960.30
2006/07/03,952.60
2006/07/04,944.70
2006/07/05,942.20
2006/07/06,945.90
2006/07/07,949.70
2006/07/10,946.30
2006/07/11,942.50
2006/07/12,945.00
2006/07/13,948.80
2006/07/14,950.10
2006/07/18,952.90
2006/07/19,957.40
2006/07/20,958.40
2006/07/21,951.30
2006/07/24,952.70
2006/07/25,951.20
2006/07/26,952.40
2006/07/27,953.90
2006/07/28,951.90
2006/07/31,953.10
2006/08/01,954.50
2006/08/02,956.40
2006/08/03,959.40
2006/08/04,966.30
2006/08/07,964.40
2006/08/08,961.50
2006/08/09,963.90
2006/08/10,963.70
2006/08/11,958.00
2006/08/14,959.20
2006/08/16,965.20
2006/08/17,964.80
2006/08/18,961.70
2006/08/21,961.70
2006/08/22,957.20
2006/08/23,956.90
2006/08/24,956.60
2006/08/25,958.20
2006/08/28,960.70
2006/08/29,964.20
2006/08/30,961.70
2006/08/31,959.60
2006/09/01,961.50
2006/09/04,961.10
2006/09/05,958.30
2006/09/06,956.20
2006/09/07,956.90
2006/09/08,956.80
2006/09/11,955.20
2006/09/12,957.00
2006/09/13,959.10
2006/09/14,959.80
2006/09/15,956.40
2006/09/18,956.80
2006/09/19,958.00
2006/09/20,954.30
2006/09/21,952.10
2006/09/22,945.70
2006/09/25,944.20
2006/09/26,944.80
2006/09/27,943.40
2006/09/28,944.40
2006/09/29,945.20
2006/10/02,944.80
2006/10/04,947.40
2006/10/09,948.20
2006/10/10,958.80
2006/10/11,960.00
2006/10/12,961.20
2006/10/13,959.20
2006/10/16,954.50
2006/10/17,955.80
2006/10/18,954.50
2006/10/19,954.20
2006/10/20,956.90
2006/10/23,957.60
2006/10/24,958.70
2006/10/25,959.50
2006/10/26,956.00
2006/10/27,951.60
2006/10/30,947.20
2006/10/31,944.20
2006/11/01,944.30
2006/11/02,939.00
2006/11/03,938.90
2006/11/06,937.90
2006/11/07,941.20
2006/11/08,940.70
2006/11/09,935.80
2006/11/10,936.70
2006/11/13,935.40
2006/11/14,933.20
2006/11/15,937.50
2006/11/16,939.70
2006/11/17,939.80
2006/11/20,938.70
2006/11/21,934.90
2006/11/22,936.20
2006/11/23,934.00
2006/11/24,930.20
2006/11/27,932.00
2006/11/28,929.80
2006/11/29,931.10
2006/11/30,929.90
2006/12/01,930.60
2006/12/04,928.20
2006/12/05,927.50
2006/12/06,926.60
2006/12/07,920.00
2006/12/08,918.00
2006/12/11,920.50
2006/12/12,926.00
2006/12/13,924.00
2006/12/14,922.60
2006/12/15,922.50
2006/12/18,921.80
2006/12/19,924.00
2006/12/20,929.60
2006/12/21,927.40
2006/12/22,927.10
2006/12/26,928.10
2006/12/27,930.30
2006/12/28,930.60
2006/12/29,929.60
2007/01/02,929.60
2007/01/03,926.00
2007/01/04,926.10
2007/01/05,931.20
2007/01/08,932.60
2007/01/09,937.30
2007/01/10,937.00
2007/01/11,939.80
2007/01/12,938.90
2007/01/15,940.50
2007/01/16,938.10
2007/01/17,936.50
2007/01/18,937.10
2007/01/19,936.70
2007/01/22,937.60
2007/01/23,938.70
2007/01/24,941.10
2007/01/25,937.50
2007/01/26,936.30
2007/01/29,940.00
2007/01/30,940.40
2007/01/31,940.90
2007/02/01,942.00
2007/02/02,938.10
2007/02/05,938.10
2007/02/06,936.60
2007/02/07,933.00
2007/02/08,932.20
2007/02/09,935.00
2007/02/12,934.50
2007/02/13,936.60
2007/02/14,937.80
2007/02/15,938.10
2007/02/16,934.70
2007/02/20,935.90
2007/02/21,938.30
2007/02/22,938.80
2007/02/23,939.50
2007/02/26,938.60
2007/02/27,937.30
2007/02/28,938.30
2007/03/02,940.90
2007/03/05,942.20
2007/03/06,950.00
2007/03/07,948.00
2007/03/08,947.00
2007/03/09,948.20
2007/03/12,946.60
2007/03/13,944.20
2007/03/14,944.80
2007/03/15,947.20
2007/03/16,944.60
2007/03/19,945.00
2007/03/20,943.30
2007/03/21,942.60
2007/03/22,937.80
2007/03/23,937.10
2007/03/26,938.50
2007/03/27,938.60
2007/03/28,940.60
2007/03/29,940.90
2007/03/30,940.30
2007/04/02,940.80
2007/04/03,938.80
2007/04/04,936.80
2007/04/05,936.00
2007/04/06,934.80
2007/04/09,931.20
2007/04/10,933.10
2007/04/11,932.60
2007/04/12,933.80
2007/04/13,931.60
2007/04/16,930.10
2007/04/17,929.30
2007/04/18,930.10
2007/04/19,928.70
2007/04/20,927.50
2007/04/23,928.10
2007/04/24,926.60
2007/04/25,926.80
2007/04/26,926.80
2007/04/27,928.50
2007/04/30,929.40
2007/05/02,930.90
2007/05/03,930.70
2007/05/04,929.20
2007/05/07,927.70
2007/05/08,924.10
2007/05/09,923.10
2007/05/10,924.50
2007/05/11,924.80
2007/05/14,926.70
2007/05/15,924.90
2007/05/16,924.40
2007/05/17,924.00
2007/05/18,925.90
2007/05/21,932.60
2007/05/22,931.30
2007/05/23,929.90
2007/05/25,931.50
2007/05/28,931.50
2007/05/29,930.00
2007/05/30,928.50
2007/05/31,929.90
2007/06/01,927.90
2007/06/04,927.40
2007/06/05,928.20
2007/06/07,927.30
2007/06/08,928.30
2007/06/11,929.60
2007/06/12,931.70
2007/06/13,930.50
2007/06/14,931.40
2007/06/15,929.80
2007/06/18,929.80
2007/06/19,928.00
2007/06/20,927.60
2007/06/21,926.50
2007/06/22,927.30
2007/06/25,927.70
2007/06/26,926.60
2007/06/27,926.40
2007/06/28,927.60
2007/06/29,926.80
2007/07/02,925.70
2007/07/03,922.70
2007/07/04,918.20
2007/07/05,919.90
2007/07/06,921.10
2007/07/09,921.20
2007/07/10,920.40
2007/07/11,920.10
2007/07/12,920.10
2007/07/13,918.00
2007/07/16,916.30
2007/07/18,917.40
2007/07/19,917.20
2007/07/20,916.00
2007/07/23,915.70
2007/07/24,915.50
2007/07/25,914.40
2007/07/26,913.80
2007/07/27,917.50
2007/07/30,921.50
2007/07/31,923.20
2007/08/01,920.30
2007/08/02,922.50
2007/08/03,923.90
2007/08/06,923.00
2007/08/07,924.40
2007/08/08,922.60
2007/08/09,923.80
2007/08/10,922.40
2007/08/13,929.70
2007/08/14,929.10
2007/08/16,931.50
2007/08/17,942.90
2007/08/20,949.70
2007/08/21,944.60
2007/08/22,944.60
2007/08/23,945.00
2007/08/24,940.10
2007/08/27,942.00
2007/08/28,938.10
2007/08/29,940.30
2007/08/30,943.20
2007/08/31,939.90
2007/09/03,939.00
2007/09/04,938.10
2007/09/05,937.60
2007/09/06,937.60
2007/09/07,939.30
2007/09/10,937.80
2007/09/11,940.10
2007/09/12,937.40
2007/09/13,933.40
2007/09/14,930.40
2007/09/17,930.40
2007/09/18,928.40
2007/09/19,929.80
2007/09/20,926.20
2007/09/21,923.70
2007/09/27,921.00
2007/09/28,920.70
2007/10/01,917.30
2007/10/02,914.30
2007/10/04,913.70
2007/10/05,916.60
2007/10/08,916.00
2007/10/09,915.30
2007/10/10,917.30
2007/10/11,916.30
2007/10/12,918.90
2007/10/15,915.90
2007/10/16,917.30
2007/10/17,918.20
2007/10/18,918.50
2007/10/19,917.80
2007/10/22,915.40
2007/10/23,917.60
2007/10/24,917.70
2007/10/25,917.40
2007/10/26,917.60
2007/10/29,913.50
2007/10/30,908.90
2007/10/31,907.40
2007/11/01,902.30
2007/11/02,902.20
2007/11/05,907.10
2007/11/06,906.10
2007/11/07,908.10
2007/11/08,904.40
2007/11/09,907.80
2007/11/12,906.10
2007/11/13,910.30
2007/11/14,916.00
2007/11/15,913.40
2007/11/16,915.80
2007/11/19,919.30
2007/11/20,917.40
2007/11/21,923.80
2007/11/22,925.80
2007/11/23,934.10
2007/11/26,933.90
2007/11/27,928.20
2007/11/28,931.90
2007/11/29,929.90
2007/11/30,929.60
2007/12/03,925.60
2007/12/04,923.90
2007/12/05,923.60
2007/12/06,923.10
2007/12/07,922.90
2007/12/10,919.90
2007/12/11,921.40
2007/12/12,923.80
2007/12/13,926.60
2007/12/14,924.50
2007/12/17,927.70
2007/12/18,932.50
2007/12/20,939.70
2007/12/21,941.20
2007/12/24,943.80
2007/12/26,938.30
2007/12/27,938.90
2007/12/28,938.90
2007/12/31,938.20
2008/01/02,938.20
2008/01/03,934.50
2008/01/04,938.90
2008/01/07,937.30
2008/01/08,941.70
2008/01/09,939.20
2008/01/10,939.80
2008/01/11,935.60
2008/01/14,936.20
2008/01/15,937.10
2008/01/16,935.10
2008/01/17,938.60
2008/01/18,945.00
2008/01/21,947.70
2008/01/22,946.90
2008/01/23,954.30
2008/01/24,951.00
2008/01/25,949.60
2008/01/28,946.60
2008/01/29,948.60
2008/01/30,946.70
2008/01/31,943.90
2008/02/01,945.50
2008/02/04,943.40
2008/02/05,942.00
2008/02/11,942.10
2008/02/12,945.50
2008/02/13,945.40
2008/02/14,944.60
2008/02/15,944.60
2008/02/18,946.20
2008/02/19,945.20
2008/02/20,944.30
2008/02/21,944.60
2008/02/22,947.00
2008/02/25,949.00
2008/02/26,947.40
2008/02/27,946.80
2008/02/28,943.60
2008/02/29,937.30
2008/03/03,937.80
2008/03/04,945.30
2008/03/05,946.90
2008/03/06,947.20
2008/03/07,949.30
2008/03/10,957.30
2008/03/11,959.30
2008/03/12,973.80
2008/03/13,967.00
2008/03/14,980.50
2008/03/17,988.30
2008/03/18,1021.70
2008/03/19,1019.80
2008/03/20,1009.20
2008/03/21,1013.90
2008/03/24,1004.90
2008/03/25,1000.20
2008/03/26,985.30
2008/03/27,984.60
2008/03/28,993.00
2008/03/31,991.70
2008/04/01,991.60
2008/04/02,985.80
2008/04/03,977.80
2008/04/04,974.80
2008/04/07,976.00
2008/04/08,974.60
2008/04/10,975.50
2008/04/11,976.70
2008/04/14,974.70
2008/04/15,978.30
2008/04/16,984.00
2008/04/17,992.40
2008/04/18,988.80
2008/04/21,1000.30
2008/04/22,993.60
2008/04/23,994.60
2008/04/24,996.80
2008/04/25,993.00
2008/04/28,994.30
2008/04/29,996.50
2008/04/30,999.70
2008/05/02,1002.60
2008/05/06,1006.90
2008/05/07,1012.90
2008/05/08,1021.00
2008/05/09,1043.20
2008/05/13,1047.40
2008/05/14,1043.80
2008/05/15,1047.50
2008/05/16,1049.40
2008/05/19,1042.20
2008/05/20,1039.90
2008/05/21,1043.20
2008/05/22,1047.60
2008/05/23,1043.10
2008/05/26,1044.40
2008/05/27,1048.70
2008/05/28,1045.00
2008/05/29,1037.70
2008/05/30,1031.40
2008/06/02,1026.70
2008/06/03,1026.90
2008/06/04,1016.60
2008/06/05,1015.20
2008/06/09,1022.50
2008/06/10,1028.80
2008/06/11,1028.80
2008/06/12,1027.30
2008/06/13,1029.90
2008/06/16,1034.60
2008/06/17,1040.80
2008/06/18,1030.20
2008/06/19,1022.60
2008/06/20,1026.40
2008/06/23,1026.70
2008/06/24,1033.40
2008/06/25,1034.50
2008/06/26,1035.00
2008/06/27,1035.00
2008/06/30,1043.40
2008/07/01,1043.90
2008/07/02,1045.70
2008/07/03,1047.10
2008/07/04,1037.60
2008/07/07,1047.60
2008/07/08,1041.00
2008/07/09,1031.70
2008/07/10,1014.70
2008/07/11,1000.20
2008/07/14,1002.00
2008/07/15,1003.70
2008/07/16,1006.30
2008/07/17,1007.60
2008/07/18,1009.90
2008/07/21,1012.60
2008/07/22,1015.80
2008/07/23,1017.50
2008/07/24,1013.40
2008/07/25,1008.90
2008/07/28,1007.80
2008/07/29,1006.20
2008/07/30,1010.00
2008/07/31,1008.50
2008/08/01,1011.50
2008/08/04,1013.80
2008/08/05,1016.90
2008/08/06,1017.30
2008/08/07,1016.50
2008/08/08,1015.60
2008/08/11,1023.30
2008/08/12,1033.60
2008/08/13,1033.40
2008/08/14,1037.80
2008/08/18,1038.50
2008/08/19,1043.80
2008/08/20,1047.50
2008/08/21,1049.10
2008/08/22,1051.50
2008/08/25,1054.50
2008/08/26,1073.20
2008/08/27,1086.10
2008/08/28,1085.10
2008/08/29,1081.80
2008/09/01,1087.00
2008/09/02,1108.10
2008/09/03,1117.70
2008/09/04,1151.60
2008/09/05,1135.70
2008/09/08,1126.50
2008/09/09,1092.60
2008/09/10,1101.00
2008/09/11,1089.70
2008/09/12,1106.00
2008/09/16,1108.70
2008/09/17,1150.70
2008/09/18,1134.20
2008/09/19,1146.70
2008/09/22,1135.50
2008/09/23,1135.60
2008/09/24,1150.60
2008/09/25,1153.90
2008/09/26,1161.40
2008/09/29,1157.50
2008/09/30,1187.70
2008/10/01,1214.80
2008/10/02,1191.20
2008/10/06,1210.30
2008/10/07,1261.90
2008/10/08,1334.70
2008/10/09,1372.70
2008/10/10,1420.30
2008/10/13,1372.80
2008/10/14,1252.20
2008/10/15,1205.00
2008/10/16,1236.30
2008/10/17,1327.80
2008/10/20,1337.20
2008/10/21,1305.20
2008/10/22,1323.90
2008/10/23,1365.40
2008/10/24,1414.30
2008/10/27,1429.60
2008/10/28,1432.10
2008/10/29,1478.50
2008/10/30,1414.70
2008/10/31,1291.40
2008/11/03,1277.10
2008/11/04,1283.60
2008/11/05,1281.50
2008/11/06,1265.90
2008/11/07,1320.20
2008/11/10,1339.50
2008/11/11,1324.50
2008/11/12,1337.00
2008/11/13,1346.30
2008/11/14,1393.90
2008/11/17,1390.50
2008/11/18,1409.70
2008/11/19,1425.20
2008/11/20,1449.00
2008/11/21,1488.40
2008/11/24,1509.00
2008/11/25,1498.30
2008/11/26,1489.60
2008/11/27,1489.90
2008/11/28,1482.70
2008/12/01,1463.30
2008/12/02,1461.20
2008/12/03,1459.40
2008/12/04,1463.60
2008/12/05,1473.20
2008/12/08,1481.50
2008/12/09,1456.80
2008/12/10,1445.00
2008/12/11,1418.70
2008/12/12,1350.20
2008/12/15,1359.40
2008/12/16,1350.80
2008/12/17,1357.30
2008/12/18,1323.10
2008/12/19,1296.50
2008/12/22,1289.90
2008/12/23,1296.70
2008/12/24,1333.70
2008/12/26,1319.00
2008/12/29,1285.90
2008/12/30,1281.80
2008/12/31,1257.50
2009/01/02,1257.50
2009/01/05,1320.20
2009/01/06,1307.30
2009/01/07,1312.20
2009/01/08,1292.10
2009/01/09,1321.00
2009/01/12,1329.30
2009/01/13,1360.30
2009/01/14,1362.40
2009/01/15,1344.60
2009/01/16,1372.60
2009/01/19,1372.00
2009/01/20,1359.90
2009/01/21,1375.60
2009/01/22,1374.50
2009/01/23,1371.80
2009/01/28,1391.00
2009/01/29,1383.10
2009/01/30,1368.50
2009/02/02,1382.50
2009/02/03,1392.10
2009/02/04,1390.50
2009/02/05,1376.20
2009/02/06,1382.70
2009/02/09,1379.10
2009/02/10,1376.20
2009/02/11,1387.00
2009/02/12,1397.70
2009/02/13,1394.80
2009/02/16,1402.20
2009/02/17,1411.40
2009/02/18,1444.60
2009/02/19,1465.70
2009/02/20,1474.00
2009/02/23,1500.50
2009/02/24,1496.60
2009/02/25,1510.80
2009/02/26,1508.20
2009/02/27,1516.40
2009/03/02,1525.20
2009/03/03,1573.60
2009/03/04,1570.40
2009/03/05,1559.50
2009/03/06,1545.30
2009/03/09,1567.70
2009/03/10,1548.80
2009/03/11,1529.50
2009/03/12,1480.00
2009/03/13,1487.40
2009/03/16,1482.40
2009/03/17,1458.00
2009/03/18,1416.70
2009/03/19,1415.40
2009/03/20,1391.40
2009/03/23,1399.30
2009/03/24,1396.30
2009/03/25,1382.10
2009/03/26,1384.80
2009/03/27,1343.70
2009/03/30,1328.90
2009/03/31,1377.10
2009/04/01,1398.20
2009/04/02,1376.80
2009/04/03,1349.50
2009/04/06,1332.60
2009/04/07,1316.20
2009/04/08,1324.30
2009/04/09,1346.80
2009/04/10,1337.20
2009/04/13,1321.30
2009/04/14,1332.20
2009/04/15,1325.30
2009/04/16,1337.60
2009/04/17,1325.90
2009/04/20,1328.10
2009/04/21,1340.60
2009/04/22,1352.40
2009/04/23,1345.90
2009/04/24,1349.10
2009/04/27,1341.70
2009/04/28,1340.30
2009/04/29,1351.70
2009/04/30,1348.00
2009/05/04,1307.30
2009/05/06,1274.60
2009/05/07,1278.50
2009/05/08,1262.40
2009/05/11,1256.00
2009/05/12,1236.10
2009/05/13,1244.80
2009/05/14,1238.90
2009/05/15,1259.70
2009/05/18,1261.70
2009/05/19,1267.50
2009/05/20,1243.40
2009/05/21,1250.20
2009/05/22,1247.60
2009/05/25,1242.40
2009/05/26,1252.50
2009/05/27,1260.20
2009/05/28,1258.80
2009/05/29,1272.90
2009/06/01,1258.80
2009/06/02,1248.70
2009/06/03,1237.30
2009/06/04,1236.70
2009/06/05,1246.50
2009/06/08,1245.40
2009/06/09,1251.50
2009/06/10,1258.40
2009/06/11,1252.80
2009/06/12,1251.30
2009/06/15,1251.40
2009/06/16,1260.90
2009/06/17,1266.10
2009/06/18,1260.00
2009/06/19,1263.20
2009/06/22,1266.40
2009/06/23,1270.40
2009/06/24,1287.70
2009/06/25,1281.00
2009/06/26,1283.60
2009/06/29,1286.90
2009/06/30,1284.70
2009/07/01,1277.90
2009/07/02,1269.10
2009/07/03,1263.50
2009/07/06,1272.20
2009/07/07,1267.00
2009/07/08,1268.60
2009/07/09,1278.80
2009/07/10,1278.90
2009/07/13,1277.70
2009/07/14,1291.40
2009/07/15,1295.70
2009/07/16,1282.60
2009/07/17,1266.70
2009/07/20,1261.20
2009/07/21,1252.50
2009/07/22,1250.00
2009/07/23,1251.00
2009/07/24,1250.60
2009/07/27,1247.50
2009/07/28,1246.40
2009/07/29,1241.90
2009/07/30,1239.50
2009/07/31,1240.50
2009/08/03,1230.70
2009/08/04,1222.30
2009/08/05,1218.70
2009/08/06,1220.90
2009/08/07,1222.80
2009/08/10,1226.30
2009/08/11,1223.60
2009/08/12,1237.70
2009/08/13,1248.10
2009/08/14,1237.10
2009/08/17,1235.00
2009/08/18,1249.20
2009/08/19,1256.70
2009/08/20,1250.50
2009/08/21,1247.80
2009/08/24,1248.20
2009/08/25,1242.10
2009/08/26,1246.70
2009/08/27,1248.10
2009/08/28,1248.90
2009/08/31,1244.90
2009/09/01,1246.90
2009/09/02,1245.80
2009/09/03,1249.80
2009/09/04,1246.90
2009/09/07,1243.80
2009/09/08,1235.00
2009/09/09,1232.10
2009/09/10,1225.90
2009/09/11,1225.90
2009/09/14,1222.10
2009/09/15,1224.80
2009/09/16,1220.60
2009/09/17,1211.60
2009/09/18,1206.10
2009/09/21,1208.00
2009/09/22,1205.80
2009/09/23,1204.10
2009/09/24,1195.40
2009/09/25,1196.40
2009/09/28,1192.90
2009/09/29,1192.80
2009/09/30,1188.70
2009/10/01,1181.40
2009/10/05,1175.20
2009/10/06,1173.20
2009/10/07,1170.20
2009/10/08,1170.80
2009/10/09,1168.40
2009/10/12,1166.60
2009/10/13,1170.00
2009/10/14,1168.00
2009/10/15,1167.70
2009/10/16,1158.40
2009/10/19,1158.80
2009/10/20,1176.20
2009/10/21,1166.70
2009/10/22,1179.10
2009/10/23,1183.20
2009/10/26,1184.60
2009/10/27,1180.40
2009/10/28,1187.10
2009/10/29,1193.60
2009/10/30,1200.60
2009/11/02,1183.40
2009/11/03,1188.20
2009/11/04,1178.90
2009/11/05,1181.20
2009/11/06,1178.50
2009/11/09,1171.20
2009/11/10,1161.60
2009/11/11,1158.70
2009/11/12,1159.50
2009/11/13,1157.40
2009/11/16,1161.10
2009/11/17,1155.10
2009/11/18,1152.80
2009/11/19,1153.30
2009/11/20,1156.20
2009/11/23,1162.60
2009/11/24,1157.10
2009/11/25,1156.10
2009/11/26,1155.00
2009/11/27,1153.60
2009/11/30,1167.40
2009/12/01,1161.80
2009/12/02,1162.20
2009/12/03,1154.40
2009/12/04,1155.70
2009/12/07,1152.90
2009/12/08,1155.80
2009/12/09,1154.60
2009/12/10,1161.80
2009/12/11,1163.20
2009/12/14,1164.90
2009/12/15,1163.60
2009/12/16,1161.60
2009/12/17,1166.00
2009/12/18,1173.70
2009/12/21,1178.10
2009/12/22,1179.60
2009/12/23,1183.40
2009/12/24,1183.60
2009/12/28,1176.70
2009/12/29,1169.90
2009/12/30,1170.90
2009/12/31,1167.60
2010/01/04,1167.60
2010/01/05,1156.20
2010/01/06,1144.30
2010/01/07,1138.20
2010/01/08,1133.20
2010/01/11,1132.90
2010/01/12,1119.80
2010/01/13,1124.20
2010/01/14,1126.40
2010/01/15,1122.10
2010/01/18,1123.20
2010/01/19,1126.90
2010/01/20,1124.30
2010/01/21,1132.30
2010/01/22,1138.50
2010/01/25,1150.10
2010/01/26,1149.10
2010/01/27,1151.20
2010/01/28,1159.40
2010/01/29,1156.50
2010/02/01,1157.90
2010/02/02,1167.80
2010/02/03,1160.10
2010/02/04,1152.20
2010/02/05,1153.30
2010/02/08,1171.00
2010/02/09,1172.60
2010/02/10,1166.60
2010/02/11,1157.90
2010/02/12,1157.10
2010/02/16,1154.90
2010/02/17,1152.90
2010/02/18,1142.70
2010/02/19,1147.50
2010/02/22,1157.80
2010/02/23,1149.30
2010/02/24,1148.50
2010/02/25,1156.10
2010/02/26,1158.40
2010/03/02,1160.20
2010/03/03,1152.70
2010/03/04,1146.60
2010/03/05,1143.80
2010/03/08,1141.90
2010/03/09,1133.70
2010/03/10,1134.50
2010/03/11,1132.70
2010/03/12,1131.00
2010/03/15,1131.10
2010/03/16,1133.90
2010/03/17,1133.70
2010/03/18,1129.50
2010/03/19,1131.30
2010/03/22,1132.90
2010/03/23,1136.50
2010/03/24,1134.30
2010/03/25,1135.50
2010/03/26,1141.20
2010/03/29,1141.70
2010/03/30,1138.60
2010/03/31,1130.80
2010/04/01,1132.50
2010/04/02,1128.30
2010/04/05,1124.30
2010/04/06,1125.10
2010/04/07,1123.10
2010/04/08,1121.80
2010/04/09,1123.20
2010/04/12,1118.80
2010/04/13,1113.00
2010/04/14,1120.10
2010/04/15,1115.70
2010/04/16,1108.70
2010/04/19,1113.20
2010/04/20,1117.00
2010/04/21,1115.80
2010/04/22,1110.10
2010/04/23,1110.50
2010/04/26,1110.00
2010/04/27,1104.00
2010/04/28,1106.80
2010/04/29,1118.90
2010/04/30,1115.50
2010/05/03,1108.50
2010/05/04,1115.80
2010/05/06,1114.60
2010/05/07,1137.10
2010/05/10,1158.70
2010/05/11,1133.80
2010/05/12,1130.10
2010/05/13,1138.10
2010/05/14,1131.00
2010/05/17,1133.10
2010/05/18,1149.90
2010/05/19,1150.20
2010/05/20,1165.10
2010/05/24,1178.60
2010/05/25,1212.00
2010/05/26,1255.10
2010/05/27,1252.90
2010/05/28,1234.20
2010/05/31,1200.20
2010/06/01,1201.60
2010/06/03,1208.90
2010/06/04,1204.70
2010/06/07,1201.10
2010/06/08,1234.80
2010/06/09,1233.50
2010/06/10,1242.20
2010/06/11,1261.50
2010/06/14,1240.90
2010/06/15,1225.00
2010/06/16,1223.90
2010/06/17,1211.00
2010/06/18,1215.90
2010/06/21,1205.90
2010/06/22,1176.70
2010/06/23,1182.60
2010/06/24,1188.20
2010/06/25,1185.20
2010/06/28,1204.70
2010/06/29,1200.40
2010/06/30,1210.30
2010/07/01,1230.10
2010/07/02,1231.20
2010/07/05,1221.20
2010/07/06,1223.60
2010/07/07,1228.60
2010/07/08,1221.80
2010/07/09,1211.20
2010/07/12,1198.80
2010/07/13,1197.50
2010/07/14,1204.60
2010/07/15,1199.20
2010/07/16,1204.70
2010/07/19,1201.10
2010/07/20,1215.90
2010/07/21,1211.80
2010/07/22,1203.60
2010/07/23,1206.90
2010/07/26,1197.20
2010/07/27,1194.40
2010/07/28,1183.60
2010/07/29,1186.50
2010/07/30,1187.20
2010/08/02,1185.00
2010/08/03,1173.40
2010/08/04,1168.70
2010/08/05,1169.50
2010/08/06,1168.20
2010/08/09,1165.70
2010/08/10,1159.10
2010/08/11,1167.20
2010/08/12,1177.30
2010/08/13,1193.60
2010/08/16,1186.70
2010/08/17,1193.20
2010/08/18,1178.70
2010/08/19,1173.90
2010/08/20,1173.30
2010/08/23,1179.90
2010/08/24,1181.80
2010/08/25,1189.00
2010/08/26,1195.40
2010/08/27,1194.40
2010/08/30,1195.20
2010/08/31,1189.10
2010/09/01,1196.80
2010/09/02,1190.60
2010/09/03,1181.00
2010/09/06,1177.80
2010/09/07,1171.20
2010/09/08,1176.40
2010/09/09,1176.20
2010/09/10,1169.10
2010/09/13,1166.40
2010/09/14,1161.40
2010/09/15,1161.40
2010/09/16,1160.80
2010/09/17,1163.20
2010/09/20,1163.10
2010/09/24,1162.10
2010/09/27,1156.40
2010/09/28,1148.80
2010/09/29,1148.50
2010/09/30,1142.00
2010/10/01,1141.30
2010/10/04,1134.40
2010/10/05,1124.10
2010/10/06,1130.70
2010/10/07,1120.10
2010/10/08,1117.40
2010/10/11,1119.70
2010/10/12,1115.40
2010/10/13,1127.00
2010/10/14,1119.50
2010/10/15,1112.80
2010/10/18,1114.70
2010/10/19,1117.20
2010/10/20,1123.60
2010/10/21,1131.30
2010/10/22,1126.20
2010/10/25,1129.50
2010/10/26,1117.20
2010/10/27,1117.70
2010/10/28,1126.00
2010/10/29,1126.60
2010/11/01,1124.20
2010/11/02,1117.40
2010/11/03,1114.90
2010/11/04,1110.30
2010/11/05,1107.00
2010/11/08,1106.10
2010/11/09,1113.10
2010/11/10,1115.80
2010/11/11,1114.30
2010/11/12,1107.50
2010/11/15,1119.50
2010/11/16,1129.20
2010/11/17,1129.20
2010/11/18,1138.50
2010/11/19,1138.90
2010/11/22,1131.70
2010/11/23,1126.50
2010/11/24,1134.20
2010/11/25,1148.90
2010/11/26,1144.40
2010/11/29,1147.60
2010/11/30,1157.30
2010/12/01,1154.50
2010/12/02,1154.20
2010/12/03,1149.30
2010/12/06,1143.50
2010/12/07,1133.60
2010/12/08,1134.20
2010/12/09,1140.70
2010/12/10,1138.40
2010/12/13,1141.60
2010/12/14,1143.50
2010/12/15,1141.40
2010/12/16,1151.20
2010/12/17,1156.50
2010/12/20,1150.80
2010/12/21,1164.90
2010/12/22,1153.30
2010/12/23,1155.50
2010/12/24,1151.50
2010/12/27,1152.00
2010/12/28,1150.60
2010/12/29,1147.50
2010/12/30,1146.10
2010/12/31,1138.90
2011/01/03,1138.90
2011/01/04,1127.50
2011/01/05,1122.30
2011/01/06,1125.00
2011/01/07,1123.10
2011/01/10,1122.10
2011/01/11,1120.60
2011/01/12,1126.20
2011/01/13,1120.00
2011/01/14,1112.20
2011/01/17,1114.70
2011/01/18,1114.70
2011/01/19,1116.80
2011/01/20,1112.50
2011/01/21,1118.20
2011/01/24,1122.00
2011/01/25,1120.30
2011/01/26,1117.60
2011/01/27,1118.20
2011/01/28,1114.30
2011/01/31,1114.30
2011/02/01,1122.70
2011/02/07,1116.70
2011/02/08,1107.00
2011/02/09,1104.40
2011/02/10,1104.80
2011/02/11,1112.90
2011/02/14,1120.70
2011/02/15,1123.90
2011/02/16,1122.50
2011/02/17,1120.70
2011/02/18,1116.20
2011/02/21,1113.00
2011/02/22,1116.40
2011/02/23,1125.90
2011/02/24,1125.80
2011/02/25,1126.90
2011/02/28,1127.90
2011/03/02,1128.80
2011/03/03,1128.40
2011/03/04,1122.60
2011/03/07,1116.20
2011/03/08,1117.90
2011/03/09,1117.40
2011/03/10,1115.20
2011/03/11,1118.40
2011/03/14,1124.50
2011/03/15,1129.80
2011/03/16,1131.30
2011/03/17,1132.80
2011/03/18,1137.60
2011/03/21,1128.30
2011/03/22,1125.90
2011/03/23,1121.70
2011/03/24,1123.70
2011/03/25,1122.80
2011/03/28,1114.50
2011/03/29,1114.20
2011/03/30,1114.60
2011/03/31,1107.20
2011/04/01,1100.10
2011/04/04,1094.60
2011/04/05,1086.90
2011/04/06,1089.70
2011/04/07,1085.50
2011/04/08,1088.00
2011/04/11,1085.40
2011/04/12,1084.40
2011/04/13,1091.70
2011/04/14,1092.50
2011/04/15,1089.40
2011/04/18,1087.90
2011/04/19,1089.90
2011/04/20,1092.80
2011/04/21,1083.70
2011/04/22,1080.10
2011/04/25,1081.80
2011/04/26,1081.50
2011/04/27,1085.50
2011/04/28,1079.90
2011/04/29,1072.30
2011/05/02,1073.30
2011/05/03,1066.80
2011/05/04,1070.20
2011/05/06,1074.60
2011/05/09,1085.00
2011/05/11,1079.90
2011/05/12,1074.90
2011/05/13,1082.70
2011/05/16,1088.90
2011/05/17,1092.80
2011/05/18,1091.40
2011/05/19,1086.70
2011/05/20,1084.70
2011/05/23,1082.70
2011/05/24,1091.70
2011/05/25,1094.80
2011/05/26,1096.30
2011/05/27,1090.50
2011/05/30,1082.20
2011/05/31,1080.60
2011/06/01,1076.90
2011/06/02,1076.40
2011/06/03,1080.40
2011/06/07,1077.50
2011/06/08,1080.60
2011/06/09,1081.50
2011/06/10,1083.10
2011/06/13,1081.20
2011/06/14,1085.90
2011/06/15,1083.50
2011/06/16,1082.50
2011/06/17,1088.90
2011/06/20,1087.20
2011/06/21,1083.20
2011/06/22,1081.70
2011/06/23,1075.00
2011/06/24,1076.70
2011/06/27,1077.90
2011/06/28,1086.70
2011/06/29,1081.80
2011/06/30,1078.10
2011/07/01,1070.10
2011/07/04,1066.40
2011/07/05,1063.80
2011/07/06,1065.60
2011/07/07,1064.90
2011/07/08,1064.30
2011/07/11,1058.40
2011/07/12,1059.70
2011/07/13,1066.20
2011/07/14,1063.20
2011/07/15,1056.70
2011/07/18,1057.30
2011/07/19,1061.20
2011/07/20,1059.70
2011/07/21,1055.30
2011/07/22,1055.30
2011/07/25,1051.20
2011/07/26,1054.50
2011/07/27,1052.90
2011/07/28,1050.20
2011/07/29,1052.60
2011/08/01,1053.10
2011/08/02,1049.50
2011/08/03,1051.30
2011/08/04,1058.60
2011/08/05,1058.50
2011/08/08,1069.40
2011/08/09,1073.50
2011/08/10,1092.20
2011/08/11,1080.40
2011/08/12,1085.70
2011/08/16,1078.70
2011/08/17,1070.00
2011/08/18,1072.70
2011/08/19,1072.30
2011/08/22,1082.90
2011/08/23,1083.40
2011/08/24,1081.00
2011/08/25,1079.00
2011/08/26,1085.30
2011/08/29,1084.50
2011/08/30,1076.00
2011/08/31,1071.70
2011/09/01,1070.40
2011/09/02,1063.00
2011/09/05,1062.70
2011/09/06,1068.30
2011/09/07,1071.80
2011/09/08,1071.70
2011/09/09,1072.80
2011/09/14,1076.00
2011/09/15,1100.40
2011/09/16,1108.10
2011/09/19,1106.90
2011/09/20,1122.30
2011/09/21,1150.60
2011/09/22,1147.20
2011/09/23,1177.50
2011/09/26,1186.00
2011/09/27,1184.60
2011/09/28,1179.70
2011/09/29,1172.70
2011/09/30,1179.50
2011/10/04,1178.10
2011/10/05,1199.50
2011/10/06,1192.40
2011/10/07,1186.60
2011/10/10,1179.90
2011/10/11,1173.00
2011/10/12,1164.20
2011/10/13,1172.40
2011/10/14,1158.00
2011/10/17,1160.30
2011/10/18,1145.70
2011/10/19,1147.10
2011/10/20,1137.70
2011/10/21,1139.50
2011/10/24,1149.50
2011/10/25,1137.70
2011/10/26,1127.90
2011/10/27,1130.40
2011/10/28,1124.50
2011/10/31,1104.50
2011/11/01,1105.20
2011/11/02,1113.90
2011/11/03,1126.20
2011/11/04,1131.50
2011/11/07,1112.60
2011/11/08,1115.00
2011/11/09,1116.30
2011/11/10,1115.70
2011/11/11,1134.30
2011/11/14,1127.30
2011/11/15,1120.60
2011/11/16,1126.20
2011/11/17,1134.50
2011/11/18,1137.60
2011/11/21,1136.40
2011/11/22,1139.60
2011/11/23,1146.60
2011/11/24,1149.20
2011/11/25,1157.10
2011/11/28,1159.90
2011/11/29,1154.90
2011/11/30,1150.30
2011/12/01,1140.60
2011/12/02,1127.20
2011/12/05,1127.70
2011/12/06,1130.30
2011/12/07,1131.20
2011/12/08,1126.80
2011/12/09,1130.90
2011/12/12,1142.30
2011/12/13,1145.00
2011/12/14,1155.40
2011/12/15,1158.50
2011/12/16,1161.40
2011/12/19,1156.50
2011/12/20,1169.50
2011/12/21,1167.10
2011/12/22,1150.90
2011/12/23,1156.20
2011/12/26,1149.40
2011/12/27,1150.00
2011/12/28,1156.40
2011/12/29,1157.40
2011/12/30,1153.30
2012/01/02,1153.30
2012/01/03,1155.50
2012/01/04,1150.90
2012/01/05,1147.40
2012/01/06,1150.30
2012/01/09,1158.40
2012/01/10,1164.30
2012/01/11,1156.20
2012/01/12,1159.40
2012/01/13,1158.80
2012/01/16,1150.60
2012/01/17,1154.00
2012/01/18,1147.00
2012/01/19,1143.10
2012/01/20,1136.40
2012/01/25,1134.70
2012/01/26,1126.30
2012/01/27,1121.60
2012/01/30,1123.80
2012/01/31,1125.00
2012/02/01,1125.80
2012/02/02,1126.40
2012/02/03,1118.50
2012/02/06,1118.90
2012/02/07,1119.90
2012/02/08,1121.50
2012/02/09,1116.70
2012/02/10,1118.10
2012/02/13,1121.20
2012/02/14,1123.20
2012/02/15,1123.60
2012/02/16,1123.10
2012/02/17,1127.80
2012/02/20,1124.40
2012/02/21,1122.70
2012/02/22,1124.30
2012/02/23,1126.30
2012/02/24,1128.30
2012/02/27,1124.70
2012/02/28,1128.40
2012/02/29,1126.50
2012/03/02,1120.10
2012/03/05,1114.50
2012/03/06,1118.40
2012/03/07,1120.30
2012/03/08,1126.40
2012/03/09,1119.80
2012/03/12,1116.10
2012/03/13,1122.10
2012/03/14,1121.50
2012/03/15,1123.80
2012/03/16,1129.10
2012/03/19,1124.40
2012/03/20,1123.00
2012/03/21,1123.10
2012/03/22,1127.40
2012/03/23,1130.30
2012/03/26,1133.80
2012/03/27,1138.10
2012/03/28,1136.80
2012/03/29,1137.20
2012/03/30,1137.80
2012/04/02,1134.20
2012/04/03,1128.10
2012/04/04,1123.40
2012/04/05,1127.80
2012/04/06,1129.50
2012/04/09,1130.70
2012/04/10,1137.60
2012/04/12,1137.90
2012/04/13,1142.30
2012/04/16,1134.10
2012/04/17,1137.70
2012/04/18,1138.90
2012/04/19,1136.60
2012/04/20,1140.50
2012/04/23,1140.20
2012/04/24,1138.90
2012/04/25,1141.20
2012/04/26,1139.40
2012/04/27,1137.80
2012/04/30,1134.20
2012/05/02,1131.60
2012/05/03,1126.90
2012/05/04,1130.00
2012/05/07,1131.50
2012/05/08,1138.90
2012/05/09,1135.70
2012/05/10,1140.00
2012/05/11,1142.50
2012/05/14,1145.20
2012/05/15,1148.70
2012/05/16,1154.10
2012/05/17,1161.90
2012/05/18,1163.20
2012/05/21,1173.10
2012/05/22,1166.70
2012/05/23,1163.90
2012/05/24,1171.70
2012/05/25,1177.20
2012/05/29,1180.40
2012/05/30,1178.60
2012/05/31,1177.80
2012/06/01,1181.60
2012/06/04,1180.30
2012/06/05,1181.80
2012/06/07,1178.40
2012/06/08,1170.70
2012/06/11,1173.00
2012/06/12,1167.00
2012/06/13,1170.50
2012/06/14,1167.80
2012/06/15,1166.80
2012/06/18,1164.00
2012/06/19,1158.40
2012/06/20,1158.20
2012/06/21,1152.70
2012/06/22,1150.10
2012/06/25,1157.20
2012/06/26,1160.80
2012/06/27,1159.90
2012/06/28,1157.10
2012/06/29,1153.80
2012/07/02,1151.90
2012/07/03,1143.70
2012/07/04,1141.60
2012/07/05,1135.30
2012/07/06,1136.50
2012/07/09,1138.40
2012/07/10,1142.40
2012/07/11,1143.10
2012/07/12,1144.10
2012/07/13,1145.80
2012/07/16,1151.40
2012/07/17,1147.60
2012/07/18,1143.50
2012/07/19,1140.20
2012/07/20,1138.60
2012/07/23,1140.70
2012/07/24,1146.90
2012/07/25,1148.10
2012/07/26,1150.90
2012/07/27,1147.20
2012/07/30,1139.90
2012/07/31,1136.20
2012/08/01,1133.20
2012/08/02,1127.60
2012/08/03,1130.40
2012/08/06,1135.60
2012/08/07,1126.50
2012/08/08,1127.30
2012/08/09,1128.00
2012/08/10,1126.20
2012/08/13,1128.10
2012/08/14,1131.20
2012/08/16,1129.30
2012/08/17,1133.10
2012/08/20,1133.30
2012/08/21,1135.50
2012/08/22,1132.50
2012/08/23,1133.50
2012/08/24,1130.80
2012/08/27,1133.70
2012/08/28,1135.60
2012/08/29,1137.20
2012/08/30,1134.00
2012/08/31,1134.60
2012/09/03,1134.40
2012/09/04,1131.80
2012/09/05,1131.80
2012/09/06,1135.00
2012/09/07,1134.60
2012/09/10,1130.50
2012/09/11,1128.60
2012/09/12,1129.30
2012/09/13,1126.20
2012/09/14,1127.80
2012/09/17,1120.40
2012/09/18,1115.00
2012/09/19,1117.70
2012/09/20,1117.10
2012/09/21,1118.20
2012/09/24,1119.40
2012/09/25,1119.80
2012/09/26,1118.60
2012/09/27,1120.70
2012/09/28,1118.60
2012/10/02,1112.90
2012/10/04,1112.70
2012/10/05,1113.30
2012/10/08,1110.60
2012/10/09,1111.30
2012/10/10,1110.60
2012/10/11,1114.30
2012/10/12,1115.40
2012/10/15,1111.10
2012/10/16,1112.10
2012/10/17,1107.10
2012/10/18,1105.00
2012/10/19,1104.80
2012/10/22,1105.30
2012/10/23,1105.10
2012/10/24,1102.30
2012/10/25,1103.70
2012/10/26,1101.40
2012/10/29,1096.50
2012/10/30,1095.90
2012/10/31,1094.10
2012/11/01,1090.60
2012/11/02,1090.90
2012/11/05,1091.20
2012/11/06,1091.70
2012/11/07,1091.50
2012/11/08,1087.10
2012/11/09,1088.20
2012/11/12,1089.60
2012/11/13,1088.40
2012/11/14,1090.30
2012/11/15,1087.30
2012/11/16,1086.70
2012/11/19,1089.30
2012/11/20,1086.90
2012/11/21,1083.00
2012/11/22,1083.20
2012/11/23,1084.10
2012/11/26,1086.30
2012/11/27,1084.90
2012/11/28,1084.10
2012/11/29,1085.40
2012/11/30,1084.70
2012/12/03,1083.20
2012/12/04,1083.50
2012/12/05,1083.70
2012/12/06,1082.50
2012/12/07,1082.70
2012/12/10,1082.60
2012/12/11,1079.40
2012/12/12,1077.30
2012/12/13,1075.70
2012/12/14,1072.30
2012/12/17,1073.90
2012/12/18,1072.90
2012/12/20,1071.80
2012/12/21,1073.40
2012/12/24,1075.40
2012/12/26,1074.80
2012/12/27,1073.80
2012/12/28,1072.50
2012/12/31,1071.10
2013/01/02,1071.10
2013/01/03,1064.70
2013/01/04,1063.80
2013/01/07,1064.10
2013/01/08,1063.40
2013/01/09,1063.20
2013/01/10,1062.10
2013/01/11,1061.00
2013/01/14,1056.50
2013/01/15,1056.10
2013/01/16,1055.40
2013/01/17,1058.90
2013/01/18,1058.20
2013/01/21,1056.10
2013/01/22,1060.00
2013/01/23,1064.40
2013/01/24,1065.40
2013/01/25,1068.40
2013/01/28,1071.80
2013/01/29,1082.50
2013/01/30,1088.00
2013/01/31,1082.70
2013/02/01,1088.90
2013/02/04,1092.90
2013/02/05,1089.00
2013/02/06,1086.80
2013/02/07,1088.80
2013/02/08,1089.30
2013/02/12,1093.80
2013/02/13,1094.20
2013/02/14,1086.40
2013/02/15,1084.70
2013/02/18,1079.00
2013/02/19,1082.60
2013/02/20,1081.40
2013/02/21,1077.80
2013/02/22,1084.10
2013/02/25,1086.40
2013/02/26,1087.40
2013/02/27,1088.00
2013/02/28,1085.40
2013/03/04,1081.90
2013/03/05,1091.40
2013/03/06,1087.00
2013/03/07,1083.60
2013/03/08,1086.40
2013/03/11,1090.30
2013/03/12,1098.30
2013/03/13,1095.00
2013/03/14,1097.50
2013/03/15,1105.00
2013/03/18,1109.90
2013/03/19,1114.80
2013/03/20,1110.20
2013/03/21,1117.50
2013/03/22,1116.20
2013/03/25,1117.20
2013/03/26,1112.50
2013/03/27,1107.90
2013/03/28,1109.20
2013/03/29,1112.10
2013/04/01,1112.50
2013/04/02,1115.50
2013/04/03,1112.80
2013/04/04,1120.60
2013/04/05,1123.80
2013/04/08,1127.10
2013/04/09,1138.30
2013/04/10,1138.90
2013/04/11,1138.30
2013/04/12,1129.00
2013/04/15,1131.10
2013/04/16,1124.70
2013/04/17,1119.60
2013/04/18,1115.30
2013/04/19,1122.00
2013/04/22,1118.50
2013/04/23,1121.70
2013/04/24,1120.20
2013/04/25,1119.20
2013/04/26,1113.90
2013/04/29,1109.20
2013/04/30,1108.10
2013/05/02,1102.20
2013/05/03,1099.70
2013/05/06,1099.90
2013/05/07,1094.00
2013/05/08,1094.00
2013/05/09,1087.70
2013/05/10,1087.00
2013/05/13,1102.60
2013/05/14,1114.60
2013/05/15,1109.40
2013/05/16,1113.60
2013/05/20,1114.30
2013/05/21,1118.10
2013/05/22,1112.90
2013/05/23,1112.40
2013/05/24,1123.70
2013/05/27,1128.00
2013/05/28,1125.10
2013/05/29,1125.50
2013/05/30,1131.00
2013/05/31,1128.30
2013/06/03,1126.60
2013/06/04,1128.10
2013/06/05,1121.80
2013/06/07,1119.20
2013/06/10,1111.40
2013/06/11,1123.60
2013/06/12,1133.70
2013/06/13,1131.20
2013/06/14,1134.80
2013/06/17,1128.20
2013/06/18,1128.00
2013/06/19,1129.90
2013/06/20,1133.00
2013/06/21,1144.60
2013/06/24,1155.60
2013/06/25,1157.10
2013/06/26,1159.10
2013/06/27,1153.40
2013/06/28,1149.70
2013/07/01,1145.30
2013/07/02,1136.90
2013/07/03,1132.90
2013/07/04,1140.60
2013/07/05,1140.20
2013/07/08,1141.70
2013/07/09,1151.40
2013/07/10,1144.70
2013/07/11,1138.80
2013/07/12,1124.90
2013/07/15,1122.30
2013/07/16,1122.60
2013/07/17,1119.00
2013/07/18,1118.10
2013/07/19,1122.30
2013/07/22,1123.50
2013/07/23,1118.50
2013/07/24,1116.50
2013/07/25,1114.10
2013/07/26,1117.30
2013/07/29,1111.70
2013/07/30,1109.40
2013/07/31,1113.60
2013/08/01,1119.60
2013/08/02,1121.40
2013/08/05,1125.40
2013/08/06,1116.30
2013/08/07,1114.20
2013/08/08,1117.30
2013/08/09,1113.60
2013/08/12,1111.80
2013/08/13,1113.00
2013/08/14,1116.50
2013/08/16,1119.50
2013/08/19,1115.00
2013/08/20,1113.70
2013/08/21,1121.90
2013/08/22,1118.10
2013/08/23,1124.30
2013/08/26,1118.20
2013/08/27,1113.00
2013/08/28,1115.80
2013/08/29,1117.00
2013/08/30,1110.90
2013/09/02,1109.60
2013/09/03,1104.10
2013/09/04,1095.90
2013/09/05,1099.80
2013/09/06,1093.80
2013/09/09,1095.40
2013/09/10,1088.20
2013/09/11,1084.90
2013/09/12,1087.10
2013/09/13,1083.20
2013/09/16,1085.30
2013/09/17,1082.20
2013/09/23,1085.20
2013/09/24,1075.90
2013/09/25,1074.90
2013/09/26,1076.80
2013/09/27,1074.40
2013/09/30,1075.60
2013/10/01,1075.20
2013/10/02,1074.50
2013/10/04,1074.60
2013/10/07,1071.60
2013/10/08,1070.50
2013/10/10,1073.60
2013/10/11,1075.70
2013/10/14,1070.50
2013/10/15,1072.30
2013/10/16,1067.90
2013/10/17,1067.10
2013/10/18,1064.40
2013/10/21,1061.40
2013/10/22,1062.00
2013/10/23,1061.70
2013/10/24,1056.50
2013/10/25,1057.20
2013/10/28,1062.30
2013/10/29,1061.40
2013/10/30,1060.90
2013/10/31,1061.40
2013/11/01,1059.90
2013/11/04,1062.60
2013/11/05,1062.10
2013/11/06,1062.00
2013/11/07,1062.00
2013/11/08,1060.70
2013/11/11,1063.50
2013/11/12,1068.50
2013/11/13,1070.90
2013/11/14,1072.90
2013/11/15,1067.30
2013/11/18,1066.70
2013/11/19,1060.70
2013/11/20,1055.80
2013/11/21,1056.30
2013/11/22,1061.90
2013/11/25,1061.60
2013/11/26,1060.60
2013/11/27,1060.30
2013/11/28,1060.90
2013/11/29,1062.10
2013/12/02,1058.90
2013/12/03,1057.70
2013/12/04,1061.30
2013/12/05,1061.20
2013/12/06,1060.70
2013/12/09,1058.20
2013/12/10,1053.10
2013/12/11,1052.50
2013/12/12,1051.90
2013/12/13,1053.50
2013/12/16,1053.10
2013/12/17,1052.60
2013/12/18,1051.50
2013/12/19,1052.10
2013/12/20,1058.10
2013/12/23,1061.90
2013/12/24,1061.00
2013/12/26,1060.40
2013/12/27,1059.40
2013/12/30,1055.60
2013/12/31,1055.30
2014/01/02,1055.30
2014/01/03,1050.40
2014/01/06,1054.10
2014/01/07,1062.20
2014/01/08,1067.90
2014/01/09,1066.00
2014/01/10,1064.80
2014/01/13,1062.80
2014/01/14,1056.50
2014/01/15,1058.40
2014/01/16,1062.50
2014/01/17,1064.20
2014/01/20,1061.00
2014/01/21,1063.90
2014/01/22,1064.20
2014/01/23,1068.40
2014/01/24,1071.90
2014/01/27,1077.20
2014/01/28,1084.10
2014/01/29,1079.20
2014/02/03,1071.10
2014/02/04,1082.20
2014/02/05,1086.10
2014/02/06,1079.50
2014/02/07,1076.40
2014/02/10,1075.10
2014/02/11,1071.90
2014/02/12,1072.00
2014/02/13,1064.70
2014/02/14,1063.90
2014/02/17,1061.90
2014/02/18,1060.50
2014/02/19,1064.10
2014/02/20,1067.10
2014/02/21,1071.90
2014/02/24,1073.10
2014/02/25,1076.30
2014/02/26,1070.60
2014/02/27,1069.90
2014/02/28,1067.70
2014/03/03,1066.20
2014/03/04,1071.90
2014/03/05,1072.00
2014/03/06,1070.60
2014/03/07,1067.40
2014/03/10,1062.60
2014/03/11,1065.90
2014/03/12,1064.80
2014/03/13,1069.20
2014/03/14,1067.40
2014/03/17,1072.00
2014/03/18,1069.90
2014/03/19,1067.90
2014/03/20,1070.70
2014/03/21,1075.30
2014/03/24,1080.30
2014/03/25,1079.70
2014/03/26,1078.20
2014/03/27,1075.00
2014/03/28,1072.80
2014/03/31,1068.80
2014/04/01,1066.10
2014/04/02,1060.50
2014/04/03,1057.00
2014/04/04,1058.10
2014/04/07,1056.10
2014/04/08,1053.40
2014/04/09,1053.60
2014/04/10,1043.20
2014/04/11,1036.00
2014/04/14,1037.50
2014/04/15,1038.90
2014/04/16,1041.20
2014/04/17,1041.30
2014/04/18,1037.10
2014/04/21,1037.20
2014/04/22,1037.90
2014/04/23,1039.60
2014/04/24,1039.50
2014/04/25,1038.30
2014/04/28,1038.90
2014/04/29,1037.10
2014/04/30,1031.70
2014/05/02,1032.20
2014/05/07,1031.20
2014/05/08,1025.60
2014/05/09,1023.50
2014/05/12,1023.00
2014/05/13,1025.00
2014/05/14,1022.90
2014/05/15,1024.60
2014/05/16,1026.50
2014/05/19,1025.80
2014/05/20,1022.70
2014/05/21,1024.10
2014/05/22,1026.70
2014/05/23,1025.20
2014/05/26,1024.30
2014/05/27,1023.90
2014/05/28,1023.40
2014/05/29,1022.60
2014/05/30,1021.60
2014/06/02,1020.40
2014/06/03,1023.60
2014/06/05,1024.30
2014/06/09,1022.60
2014/06/10,1017.40
2014/06/11,1016.50
2014/06/12,1016.50
2014/06/13,1017.50
2014/06/16,1018.00
2014/06/17,1019.50
2014/06/18,1022.10
2014/06/19,1023.10
2014/06/20,1018.30
2014/06/23,1019.60
2014/06/24,1018.40
2014/06/25,1018.00
2014/06/26,1020.60
2014/06/27,1017.00
2014/06/30,1014.40
2014/07/01,1012.10
2014/07/02,1011.80
2014/07/03,1009.80
2014/07/04,1009.60
2014/07/07,1008.90
2014/07/08,1009.90
2014/07/09,1011.20
2014/07/10,1012.20
2014/07/11,1011.90
2014/07/14,1018.00
2014/07/15,1018.50
2014/07/16,1023.70
2014/07/17,1032.70
2014/07/18,1029.60
2014/07/21,1031.90
2014/07/22,1027.50
2014/07/23,1024.60
2014/07/24,1022.80
2014/07/25,1028.00
2014/07/28,1029.40
2014/07/29,1025.20
2014/07/30,1024.70
2014/07/31,1024.30
2014/08/01,1026.20
2014/08/04,1033.70
2014/08/05,1031.70
2014/08/06,1030.80
2014/08/07,1034.30
2014/08/08,1034.40
2014/08/11,1037.40
2014/08/12,1030.60
2014/08/13,1028.30
2014/08/14,1028.10
2014/08/18,1024.90
2014/08/19,1017.70
2014/08/20,1018.00
2014/08/21,1020.90
2014/08/22,1023.90
2014/08/25,1019.50
2014/08/26,1020.60
2014/08/27,1018.00
2014/08/28,1014.60
2014/08/29,1013.60
2014/09/01,1014.90
2014/09/02,1014.30
2014/09/03,1015.60
2014/09/04,1018.90
2014/09/05,1018.00
2014/09/11,1024.60
2014/09/12,1034.40
2014/09/15,1038.00
2014/09/16,1038.90
2014/09/17,1035.20
2014/09/18,1033.90
2014/09/19,1041.50
2014/09/22,1044.90
2014/09/23,1040.70
2014/09/24,1042.10
2014/09/25,1039.80
2014/09/26,1042.60
2014/09/29,1042.70
2014/09/30,1050.60
2014/10/01,1054.70
2014/10/02,1062.10
2014/10/06,1061.10
2014/10/07,1069.70
2014/10/08,1066.50
2014/10/10,1072.30
2014/10/13,1071.00
2014/10/14,1069.10
2014/10/15,1063.50
2014/10/16,1065.80
2014/10/17,1059.90
2014/10/20,1062.70
2014/10/21,1060.40
2014/10/22,1054.50
2014/10/23,1053.70
2014/10/24,1055.40
2014/10/27,1059.30
2014/10/28,1052.60
2014/10/29,1050.60
2014/10/30,1047.00
2014/10/31,1054.00
2014/11/03,1058.80
2014/11/04,1075.10
2014/11/05,1079.90
2014/11/06,1078.70
2014/11/07,1089.10
2014/11/10,1092.50
2014/11/11,1085.20
2014/11/12,1089.90
2014/11/13,1098.50
2014/11/14,1097.50
2014/11/17,1099.60
2014/11/18,1097.00
2014/11/19,1098.90
2014/11/20,1104.20
2014/11/21,1113.10
2014/11/24,1110.90
2014/11/25,1112.20
2014/11/26,1112.80
2014/11/27,1107.00
2014/11/28,1101.10
2014/12/01,1105.00
2014/12/02,1116.20
2014/12/03,1106.80
2014/12/04,1114.40
2014/12/05,1115.80
2014/12/08,1113.20
2014/12/09,1118.30
2014/12/10,1112.00
2014/12/11,1104.50
2014/12/12,1098.10
2014/12/15,1103.90
2014/12/16,1103.00
2014/12/17,1092.40
2014/12/18,1088.10
2014/12/19,1103.20
2014/12/22,1101.30
2014/12/23,1097.30
2014/12/24,1100.50
2014/12/26,1104.30
2014/12/29,1099.50
2014/12/30,1098.20
2014/12/31,1099.20
2015/01/02,1099.20
2015/01/05,1102.60
2015/01/06,1108.70
2015/01/07,1103.90
2015/01/08,1099.70
2015/01/09,1098.50
2015/01/12,1092.20
2015/01/13,1083.00
2015/01/14,1081.50
2015/01/15,1079.90
2015/01/16,1084.10
2015/01/19,1077.30
2015/01/20,1079.80
2015/01/21,1084.40
2015/01/22,1086.80
2015/01/23,1085.30
2015/01/26,1084.10
2015/01/27,1079.30
2015/01/28,1082.10
2015/01/29,1082.90
2015/01/30,1090.80
2015/02/02,1095.90
2015/02/03,1101.20
2015/02/04,1098.30
2015/02/05,1089.20
2015/02/06,1089.20
2015/02/09,1088.30
2015/02/10,1097.00
2015/02/11,1090.80
2015/02/12,1096.90
2015/02/13,1107.50
2015/02/16,1098.40
2015/02/17,1098.70
2015/02/23,1101.30
2015/02/24,1109.80
2015/02/25,1108.60
2015/02/26,1102.50
2015/02/27,1099.20
2015/03/02,1099.50
2015/03/03,1102.50
2015/03/04,1100.00
2015/03/05,1096.50
2015/03/06,1100.10
2015/03/09,1099.50
2015/03/10,1110.30
2015/03/11,1119.50
2015/03/12,1126.60
2015/03/13,1130.90
2015/03/16,1125.60
2015/03/17,1133.90
2015/03/18,1130.10
2015/03/19,1126.60
2015/03/20,1114.00
2015/03/23,1121.70
2015/03/24,1115.90
2015/03/25,1107.10
2015/03/26,1102.70
2015/03/27,1104.20
2015/03/30,1104.30
2015/03/31,1105.00
2015/04/01,1109.40
2015/04/02,1103.80
2015/04/03,1098.00
2015/04/06,1094.60
2015/04/07,1086.00
2015/04/08,1089.70
2015/04/09,1093.40
2015/04/10,1093.90
2015/04/13,1094.60
2015/04/14,1096.60
2015/04/15,1096.80
2015/04/16,1096.00
2015/04/17,1089.00
2015/04/20,1085.10
2015/04/21,1082.70
2015/04/22,1083.50
2015/04/23,1081.80
2015/04/24,1083.20
2015/04/27,1079.00
2015/04/28,1074.50
2015/04/29,1070.90
2015/04/30,1068.10
2015/05/04,1069.50
2015/05/06,1080.50
2015/05/07,1081.00
2015/05/08,1086.60
2015/05/11,1091.30
2015/05/12,1089.90
2015/05/13,1096.20
2015/05/14,1094.90
2015/05/15,1093.60
2015/05/18,1089.20
2015/05/19,1085.50
2015/05/20,1090.90
2015/05/21,1095.20
2015/05/22,1094.40
2015/05/26,1090.80
2015/05/27,1098.40
2015/05/28,1107.00
2015/05/29,1108.00
2015/06/01,1107.60
2015/06/02,1111.60
2015/06/03,1114.50
2015/06/04,1106.00
2015/06/05,1109.90
2015/06/08,1112.10
2015/06/09,1121.50
2015/06/10,1119.30
2015/06/11,1117.30
2015/06/12,1110.40
2015/06/15,1111.90
2015/06/16,1116.20
2015/06/17,1117.30
2015/06/18,1117.60
2015/06/19,1109.90
2015/06/22,1104.00
2015/06/23,1099.90
2015/06/24,1104.10
2015/06/25,1108.40
2015/06/26,1109.60
2015/06/29,1115.10
2015/06/30,1124.10
2015/07/01,1118.30
2015/07/02,1118.50
2015/07/03,1123.20
2015/07/06,1120.10
2015/07/07,1126.30
2015/07/08,1129.60
2015/07/09,1135.70
2015/07/10,1136.20
2015/07/13,1130.00
2015/07/14,1131.50
2015/07/15,1139.40
2015/07/16,1141.50
2015/07/17,1148.40
2015/07/20,1146.30
2015/07/21,1151.90
2015/07/22,1158.40
2015/07/23,1152.60
2015/07/24,1162.30
2015/07/27,1164.60
2015/07/28,1168.90
2015/07/29,1166.20
2015/07/30,1157.90
2015/07/31,1166.30
2015/08/03,1169.40
2015/08/04,1165.20
2015/08/05,1169.30
2015/08/06,1172.10
2015/08/07,1170.20
2015/08/10,1164.30
2015/08/11,1165.30
2015/08/12,1170.40
2015/08/13,1190.30
2015/08/17,1174.20
2015/08/18,1182.20
2015/08/19,1184.70
2015/08/20,1185.10
2015/08/21,1185.10
2015/08/24,1192.00
2015/08/25,1198.10
2015/08/26,1194.60
2015/08/27,1188.90
2015/08/28,1184.30
2015/08/31,1176.30
2015/09/01,1183.00
2015/09/02,1175.60
2015/09/03,1178.00
2015/09/04,1187.60
2015/09/07,1191.00
2015/09/08,1202.00
2015/09/09,1203.10
2015/09/10,1192.00
2015/09/11,1195.80
2015/09/14,1183.80
2015/09/15,1181.00
2015/09/16,1182.40
2015/09/17,1179.40
2015/09/18,1169.70
2015/09/21,1166.70
2015/09/22,1173.00
2015/09/23,1177.20
2015/09/24,1187.50
2015/09/25,1191.80
2015/09/30,1194.50
2015/10/01,1190.40
2015/10/02,1179.00
2015/10/05,1180.50
2015/10/06,1172.10
2015/10/07,1164.80
2015/10/08,1165.20
2015/10/12,1159.40
2015/10/13,1147.40
2015/10/14,1147.50
2015/10/15,1150.10
2015/10/16,1133.70
2015/10/19,1128.90
2015/10/20,1125.30
2015/10/21,1130.10
2015/10/22,1131.30
2015/10/23,1138.20
2015/10/26,1127.40
2015/10/27,1134.10
2015/10/28,1131.20
2015/10/29,1132.90
2015/10/30,1142.30
2015/11/02,1138.60
2015/11/03,1140.10
2015/11/04,1133.40
2015/11/05,1129.50
2015/11/06,1137.10
2015/11/09,1138.60
2015/11/10,1154.10
2015/11/11,1158.20
2015/11/12,1154.80
2015/11/13,1154.50
2015/11/16,1161.30
2015/11/17,1172.70
2015/11/18,1169.20
2015/11/19,1173.40
2015/11/20,1164.20
2015/11/23,1156.90
2015/11/24,1157.90
2015/11/25,1155.60
2015/11/26,1145.10
2015/11/27,1145.70
2015/11/30,1150.40
2015/12/01,1157.70
2015/12/02,1158.10
2015/12/03,1159.30
2015/12/04,1167.40
2015/12/07,1156.80
2015/12/08,1166.40
2015/12/09,1176.00
2015/12/10,1178.20
2015/12/11,1177.50
2015/12/14,1179.70
2015/12/15,1186.10
2015/12/16,1182.90
2015/12/17,1178.20
2015/12/18,1178.90
2015/12/21,1184.30
2015/12/22,1178.20
2015/12/23,1176.10
2015/12/24,1171.70
2015/12/28,1171.00
2015/12/29,1165.00
2015/12/30,1167.70
2015/12/31,1172.00
2016/01/04,1172.00
2016/01/05,1184.30
2016/01/06,1187.70
2016/01/07,1193.90
2016/01/08,1199.70
2016/01/11,1196.20
2016/01/12,1208.60
2016/01/13,1208.50
2016/01/14,1206.40
2016/01/15,1212.70
2016/01/18,1211.00
2016/01/19,1212.50
2016/01/20,1209.90
2016/01/21,1211.60
2016/01/22,1209.90
2016/01/25,1203.20
2016/01/26,1194.40
2016/01/27,1201.40
2016/01/28,1201.00
2016/01/29,1208.40
2016/02/01,1206.20
2016/02/02,1204.50
2016/02/03,1203.10
2016/02/04,1216.70
2016/02/05,1202.70
2016/02/11,1195.10
2016/02/12,1197.00
2016/02/15,1206.50
2016/02/16,1209.90
2016/02/17,1216.60
2016/02/18,1224.80
2016/02/19,1225.70
2016/02/22,1233.90
2016/02/23,1233.20
2016/02/24,1230.10
2016/02/25,1234.80
2016/02/26,1236.10
2016/02/29,1235.40
2016/03/02,1240.90
2016/03/03,1232.70
2016/03/04,1218.90
2016/03/07,1208.50
2016/03/08,1200.70
2016/03/09,1205.20
2016/03/10,1214.50
2016/03/11,1208.80
2016/03/14,1200.10
2016/03/15,1186.50
2016/03/16,1189.20
2016/03/17,1192.70
2016/03/18,1174.50
2016/03/21,1161.30
2016/03/22,1165.30
2016/03/23,1159.50
2016/03/24,1158.80
2016/03/25,1167.10
2016/03/28,1169.40
2016/03/29,1169.60
2016/03/30,1163.00
2016/03/31,1153.50
2016/04/01,1144.50
2016/04/04,1148.90
2016/04/05,1147.80
2016/04/06,1155.00
2016/04/07,1155.90
2016/04/08,1154.50
2016/04/11,1156.50
2016/04/12,1149.20
2016/04/14,1144.70
2016/04/15,1153.40
2016/04/18,1150.70
2016/04/19,1151.10
2016/04/20,1140.50
2016/04/21,1132.30
2016/04/22,1134.90
2016/04/25,1141.10
2016/04/26,1149.70
2016/04/27,1149.70
2016/04/28,1145.90
2016/04/29,1143.90
2016/05/02,1138.10
2016/05/03,1140.80
2016/05/04,1137.10
2016/05/09,1153.50
2016/05/10,1164.70
2016/05/11,1174.00
2016/05/12,1168.10
2016/05/13,1164.10
2016/05/16,1169.40
2016/05/17,1178.60
2016/05/18,1173.30
2016/05/19,1180.90
2016/05/20,1190.80
2016/05/23,1188.40
2016/05/24,1183.10
2016/05/25,1188.60
2016/05/26,1185.80
2016/05/27,1181.00
2016/05/30,1179.30
2016/05/31,1190.60
2016/06/01,1190.50
2016/06/02,1192.20
2016/06/03,1189.60
2016/06/07,1186.50
2016/06/08,1163.20
2016/06/09,1156.50
2016/06/10,1155.80
2016/06/13,1163.10
2016/06/14,1172.80
2016/06/15,1172.50
2016/06/16,1176.30
2016/06/17,1170.10
2016/06/20,1170.80
2016/06/21,1163.20
2016/06/22,1158.20
2016/06/23,1155.70
2016/06/24,1151.20
2016/06/27,1168.50
2016/06/28,1183.30
2016/06/29,1175.90
2016/06/30,1164.70
2016/07/01,1152.60
2016/07/04,1147.50
2016/07/05,1148.10
2016/07/06,1153.00
2016/07/07,1165.80
2016/07/08,1156.60
2016/07/11,1159.20
2016/07/12,1147.80
2016/07/13,1149.30
2016/07/14,1145.70
2016/07/15,1141.80
2016/07/18,1132.70
2016/07/19,1136.30
2016/07/20,1138.40
2016/07/21,1140.80
2016/07/22,1140.20
2016/07/25,1135.00
2016/07/26,1136.90
2016/07/27,1138.40
2016/07/28,1134.10
2016/07/29,1125.70
2016/08/01,1122.40
2016/08/02,1111.00
2016/08/03,1108.90
2016/08/04,1114.00
2016/08/05,1113.80
2016/08/08,1111.30
2016/08/09,1112.70
2016/08/10,1107.20
2016/08/11,1096.10
2016/08/12,1098.60
2016/08/16,1101.10
2016/08/17,1095.00
2016/08/18,1102.30
2016/08/19,1106.40
2016/08/22,1115.20
2016/08/23,1125.30
2016/08/24,1117.40
2016/08/25,1121.60
2016/08/26,1119.00
2016/08/29,1113.90
2016/08/30,1125.20
2016/08/31,1118.50
2016/09/01,1117.40
2016/09/02,1119.30
2016/09/05,1117.60
2016/09/06,1108.20
2016/09/07,1105.00
2016/09/08,1093.20
2016/09/09,1093.20
2016/09/12,1099.50
2016/09/13,1110.60
2016/09/19,1112.30
2016/09/20,1120.00
2016/09/21,1119.50
2016/09/22,1116.80
2016/09/23,1103.10
2016/09/26,1104.20
2016/09/27,1106.90
2016/09/28,1103.50
2016/09/29,1095.70
2016/09/30,1096.30
2016/10/04,1102.00
2016/10/05,1105.10
2016/10/06,1113.80
2016/10/07,1111.30
2016/10/10,1115.70
2016/10/11,1111.00
2016/10/12,1117.20
2016/10/13,1123.30
2016/10/14,1130.50
2016/10/17,1132.90
2016/10/18,1140.30
2016/10/19,1132.30
2016/10/20,1122.80
2016/10/21,1124.00
2016/10/24,1134.50
2016/10/25,1134.50
2016/10/26,1136.50
2016/10/27,1132.40
2016/10/28,1140.20
